username;salary;monthly_expense;late_payment;debt_amount;num_loans;housing_status;has_workers;savings_balance;has_dependents;expense_ratio;debt_to_income;net_balance;financial_distress
user057;18795;6136;no;46092;3;rent;no;54117;no;0.326452437;2.452223877;8025;0
omar9445;3860;6760;no;10350;6;rent;no;51096;no;1.750841751;2.680652681;40746;0
huda963;8390;2240;no;30622;0;own;no;2910;no;0.266952687;3.649386247;-27712;0
fatima380;14964;1060;yes;35323;6;own;no;76383;yes;0.070831941;2.360374206;41060;0
huda1468;14284;10130;no;2951;7;rent;no;66185;no;0.709135457;0.206580329;63234;0
user441;9265;2639;no;17622;4;own;no;45248;yes;0.284804662;1.901791496;27626;0
omar802;19850;7185;no;4727;1;rent;no;69656;no;0.361946501;0.238124024;64929;0
fatima2271;7426;13312;yes;38454;4;own;yes;3049;no;1.792379157;5.177595261;-41503;1
omar804;17423;14350;no;36469;5;own;no;60212;yes;0.823576676;2.093032599;23743;0
jana34;14363;8970;no;35548;1;rent;no;70701;yes;0.624477861;2.474798106;35153;0
user921;19023;13418;yes;23782;5;rent;no;74888;no;0.705319596;1.25010513;51106;0
moh18;11322;12761;yes;28454;5;rent;yes;70282;no;1.126998145;2.512938267;41828;0
rory04;4685;2252;yes;2368;0;own;no;89533;no;0.480580452;0.505335041;87165;1
rory39;3769;5203;no;15592;0;rent;no;36954;no;1.380106101;4.135809019;21362;0
omar8619;5433;9363;no;22173;9;rent;no;84719;no;1.723040118;4.08041958;62546;1
sara203;8311;10650;no;33204;2;rent;yes;3804;no;1.281280077;3.994706449;-29400;0
fatima09;8051;4549;yes;35596;9;rent;no;87705;yes;0.564952807;4.420765027;52109;1
abd3577;9420;5197;no;34324;9;rent;no;4405;yes;0.551639953;3.643349963;-38729;1
huda468;9396;8009;no;46132;2;own;no;24592;no;0.852293285;4.909226349;-21540;0
rory1096;11666;7667;no;23864;3;own;no;35643;no;0.657152653;2.045427274;11779;0
jana689;5747;3322;no;47829;1;rent;no;57665;no;0.577940153;8.320981211;9836;1
nada9628;3189;10828;yes;30750;8;own;no;15823;no;3.394357367;9.639498433;-14927;1
abd209;6005;12307;no;10576;9;rent;yes;972;yes;2.049117549;1.760905761;-9604;0
omar9447;4899;5090;no;16566;6;own;yes;10882;no;1.03877551;3.380816327;-5684;1
abd53;4267;7960;no;7190;6;rent;no;61394;yes;1.865042174;1.684629803;54204;1
rory72;14394;4004;no;23071;5;rent;no;66055;yes;0.278152136;1.602709274;42984;0
ali2568;6556;6136;no;38333;2;own;yes;18769;no;0.935793808;5.846118652;-19564;0
rory1022;6890;1329;no;15369;5;own;no;20020;yes;0.192860253;2.230300392;4651;0
noor852;11838;4640;yes;24035;7;own;no;37748;no;0.391924994;2.030154574;13713;0
moh00;17502;13086;yes;1589;7;rent;yes;97621;no;0.747643261;0.090784437;96032;0
huda956;13627;14808;no;25235;8;rent;no;80374;no;1.08658644;1.851702377;55139;0
user05;11792;8982;no;159;0;own;yes;39912;yes;0.76163826;0.013482574;39753;0
huda812;13555;5107;yes;12145;0;rent;yes;7879;yes;0.37673355;0.895913249;-4266;0
jana931;13253;2341;yes;15373;2;own;yes;28798;yes;0.176625924;1.159876264;13425;0
user32;11433;12855;yes;31921;2;own;no;84826;no;1.124278468;2.791761413;52905;1
huda9534;13233;9407;no;39323;9;rent;yes;41073;no;0.710820614;2.971361644;1750;0
ahmad980;14016;1338;yes;16237;7;own;yes;70791;no;0.095455518;1.158379111;54554;0
ali4576;5612;6895;no;41971;9;own;no;61983;yes;1.228398361;7.477463032;20012;1
user1256;18787;13254;yes;8244;0;own;no;38005;no;0.705450287;0.438790717;29761;0
nada2091;15206;3708;no;14743;1;own;no;89731;yes;0.243835076;0.969487736;74988;0
nada2386;11226;12344;yes;31566;1;own;no;2150;yes;1.099492295;2.811614857;-33716;1
rory80;17541;2750;no;46101;2;own;yes;23400;no;0.156766617;2.628035572;-22701;0
fatima4109;6152;6604;yes;46109;5;rent;no;6953;no;1.073297578;7.49374289;-39156;1
ali262;4585;3421;no;18691;0;own;no;18535;yes;0.745965983;4.075665068;-156;0
reem85;6943;8119;yes;33996;1;rent;no;70536;yes;1.169210829;4.895737327;36540;1
moh56;4021;9901;no;5590;0;own;no;70039;no;2.461710592;1.389855793;64449;0
omar29;14653;6319;no;5585;4;own;no;76029;yes;0.431213321;0.381124608;70444;0
moh7238;13805;7609;no;9227;6;rent;yes;945;yes;0.551137187;0.668332609;-10172;0
huda803;16417;14400;no;28278;7;rent;no;33170;no;0.877086125;1.722377878;4892;0
rory320;10989;6387;no;38814;9;own;yes;92944;no;0.581164695;3.531756142;54130;0
noor6509;12692;12918;no;12237;0;rent;no;94976;no;1.017726306;0.964074687;82739;0
nada457;15990;12834;no;15649;6;rent;no;23251;no;0.802576449;0.97861297;7602;0
ahmad113;9873;4993;no;37713;4;rent;no;468;no;0.50567146;3.819424752;-38181;1
moh93;8675;9680;no;7927;9;rent;no;76;yes;1.115721531;0.913669894;-8003;1
ahmad10;3161;9044;no;45409;0;own;no;43037;no;2.860215054;14.36084756;-2372;1
huda3013;7297;14849;no;48766;2;own;no;73082;no;2.034667032;6.682104686;24316;0
ahmad043;3995;9238;no;46154;6;rent;no;87115;yes;2.311811812;11.55005005;40961;1
abd7499;14534;12551;yes;7016;9;own;no;66621;no;0.863501892;0.482696938;59605;0
omar471;10629;5873;no;14027;0;rent;no;72926;yes;0.552492944;1.319567262;58899;0
ali372;4016;14327;no;48688;6;own;no;73816;yes;3.566591984;12.12048793;25128;1
ali6512;11529;5806;yes;24142;4;own;no;84654;yes;0.503555941;2.093842151;60512;0
moh833;12268;9592;no;46520;0;rent;no;65400;no;0.781807808;3.791670063;18880;0
noor603;15185;13182;yes;23545;0;own;no;94525;no;0.868036349;1.550441196;70980;0
moh1721;9331;6913;no;31897;0;rent;no;96164;no;0.740784398;3.418024003;64267;0
fatima72;11571;8124;yes;3167;8;rent;yes;87385;no;0.702039405;0.273677843;84218;0
rory94;10208;4157;no;44757;2;rent;no;88102;yes;0.407189735;4.384072877;43345;0
moh637;8276;13537;no;26917;4;rent;no;5702;yes;1.635495953;3.25202368;-21215;0
noor985;19448;1390;no;22736;9;rent;no;10385;yes;0.07146897;1.169006119;-12351;0
fatima3008;19216;13045;no;27990;8;rent;no;4336;yes;0.678826039;1.45652287;-23654;0
ali2406;11006;5430;no;14087;5;rent;no;60421;yes;0.493322431;1.279821931;46334;0
user201;5568;9820;no;22440;8;own;no;26225;no;1.763332735;4.029448734;3785;1
moh5357;5027;8686;yes;35205;7;own;no;31021;no;1.727525855;7.001789976;-4184;1
fatima14;5695;5232;no;15275;7;own;no;1218;no;0.918539326;2.681706461;-16493;1
ali98;18422;12122;yes;5276;0;own;no;83877;yes;0.65798187;0.286381154;78601;0
reem8164;8258;9007;no;41627;8;rent;yes;84630;no;1.090567865;5.040198571;43003;1
ali49;9736;2521;no;40586;5;rent;yes;44111;yes;0.258909315;4.168224299;3525;0
sara266;3391;10018;no;37496;8;rent;no;84402;yes;2.953419811;11.05424528;46906;1
noor1965;16986;14014;no;19008;2;own;no;79585;no;0.824983811;1.118973333;60577;0
sara7229;15666;2500;no;5738;2;rent;no;37719;no;0.159571073;0.366247527;31981;0
jana870;8892;7737;no;32402;5;own;yes;91528;yes;0.87001012;3.643539863;59126;0
moh843;6561;4294;yes;5793;8;rent;no;44037;no;0.654373667;0.882810119;38244;0
jana4978;9184;6085;no;37291;6;rent;no;75103;yes;0.662493195;4.059989113;37812;0
ahmad267;11392;3419;yes;5571;2;own;no;1487;no;0.300096551;0.488984464;-7058;1
user20;16067;10126;no;31331;2;own;yes;8335;no;0.630196664;1.949900423;-22996;0
sara6389;18265;4042;no;16209;1;own;no;39140;no;0.221285448;0.887386401;22931;0
huda0687;5454;5497;no;48014;8;rent;no;99126;yes;1.007699358;8.801833181;51112;1
nada588;14837;2466;yes;25394;2;rent;no;75373;yes;0.166194905;1.711416633;49979;0
nada4923;17039;4561;no;43148;4;rent;no;72658;no;0.267664319;2.532159624;29510;0
fatima039;13965;1614;yes;25682;8;own;no;29840;no;0.115566375;1.838894458;4158;0
fatima45;12762;6392;no;2224;7;own;no;26007;yes;0.500822691;0.174253702;23783;0
sara467;8056;8693;yes;41157;1;rent;no;51947;no;1.07893757;5.108228869;10790;1
ali1987;17948;10374;no;48695;2;rent;yes;88220;no;0.577970918;2.712964511;39525;0
moh181;11110;4223;no;44452;1;own;no;21393;no;0.380073801;4.000720007;-23059;0
reem11;16773;8138;no;43408;7;own;no;52480;no;0.485155598;2.587814475;9072;0
ahmad90;3502;3667;no;32441;5;rent;no;83290;no;1.046817014;9.260919212;50849;1
huda8682;9910;8980;no;41430;5;own;no;81335;no;0.906063969;4.180203814;39905;0
sara7994;15685;14409;no;39129;8;own;no;99263;no;0.918589825;2.494517404;60134;0
nada2779;3206;1130;no;34716;7;own;no;4107;yes;0.352354225;10.82507016;-30609;1
rory90;18934;14482;no;44859;3;rent;yes;993;yes;0.76482704;2.369104832;-43866;0
noor1078;11755;3983;no;26586;3;rent;no;91341;yes;0.338805716;2.261483498;64755;0
noor767;15383;5278;no;44760;8;rent;no;88650;no;0.343083723;2.909516381;43890;0
ahmad308;17820;8126;no;23478;0;rent;no;98325;yes;0.455978901;1.317434487;74847;0
user85;10574;13651;yes;6318;1;rent;no;47066;no;1.290874704;0.597446809;40748;0
rory5919;9374;9230;no;28694;1;own;yes;37942;yes;0.984533333;3.060693333;9248;0
noor98;4678;8694;yes;20180;5;rent;no;11138;yes;1.858089335;4.312887369;-9042;1
jana671;4059;13151;no;12180;3;own;no;39527;no;3.239162562;3;27347;0
moh73;19198;7640;no;33002;9;rent;yes;4190;yes;0.397937393;1.718943695;-28812;0
ali1228;12914;12779;no;15372;2;own;no;87259;yes;0.989469609;1.190243902;71887;0
sara28;13817;6468;no;29796;2;own;no;73422;yes;0.468085106;2.156317846;43626;0
ahmad8109;13921;1920;no;24427;2;own;yes;50698;no;0.13791122;1.754561126;26271;0
ahmad64;12789;8564;no;33290;5;own;no;77315;no;0.669585614;2.602814699;44025;0
omar829;19312;11961;no;28099;7;own;no;88710;no;0.619323772;1.454926733;60611;0
omar93;14252;13303;yes;45486;6;own;no;24086;no;0.933347365;3.191328141;-21400;1
abd990;5693;9684;no;9821;3;rent;no;12322;no;1.700737619;1.724798033;2501;0
omar8353;16931;14737;yes;5832;3;own;yes;95814;yes;0.870363808;0.34443657;89982;0
sara055;6627;10323;no;12820;9;rent;yes;78569;yes;1.557483404;1.934218467;65749;0
moh694;19157;12713;no;16211;1;rent;no;80610;no;0.663587013;0.846173922;64399;0
fatima42;13173;9502;no;39890;0;rent;no;1565;yes;0.721269167;3.027933809;-41455;1
huda67;13230;9930;no;5842;8;rent;no;96505;yes;0.750510166;0.44153881;90663;0
ahmad05;18707;4241;no;1316;1;rent;yes;48331;no;0.226694462;0.070344238;47015;0
user324;14494;1545;yes;45968;7;own;no;23942;no;0.106588479;3.171300448;-22026;1
sara1432;4306;11653;no;17508;8;own;no;54635;yes;2.705595542;4.065010448;37127;1
user57;9776;5346;no;22005;3;own;no;24059;yes;0.546793495;2.250690396;2054;0
abd50;12474;14046;no;15206;7;rent;no;52557;no;1.125931864;1.218917836;37351;0
ahmad02;10526;10996;no;18971;8;rent;yes;47389;no;1.044552104;1.802127862;28418;0
abd0605;8530;12404;no;25599;9;own;no;48014;no;1.453991326;3.000703317;22415;0
reem8068;6748;14585;yes;22056;9;own;no;27826;no;2.161060898;3.26803971;5770;1
huda87;16545;14919;no;1378;4;rent;no;25297;no;0.901668077;0.083282969;23919;0
moh5191;3663;4810;no;1519;6;own;no;38890;no;1.312772926;0.414574236;37371;1
user58;4998;8206;yes;22161;9;rent;no;16322;no;1.641528306;4.433086617;-5839;1
fatima54;10994;10005;no;40703;3;rent;no;30739;yes;0.909959072;3.701955434;-9964;0
jana0235;6304;13316;yes;38861;0;rent;no;4719;no;2.111974623;6.163521015;-34142;1
huda39;16808;14245;yes;5355;2;rent;no;74553;yes;0.847462669;0.318579333;69198;0
sara0679;9585;3032;yes;9083;4;rent;no;3314;yes;0.316294596;0.947527644;-5769;0
reem377;14649;13764;no;38342;2;own;no;88831;no;0.939522184;2.617201365;50489;0
nada8121;4636;13605;no;20456;6;rent;no;70164;no;2.934009058;4.411472935;49708;1
nada4614;7737;9436;no;13324;8;rent;no;72028;no;1.219436547;1.721891962;58704;0
jana650;17555;14035;no;2257;5;own;no;31113;yes;0.799441786;0.128560036;28856;0
ali32;16877;13984;no;27364;9;own;no;10357;no;0.828534187;1.621282142;-17007;0
reem844;3854;1271;no;24972;0;own;yes;93865;no;0.329701686;6.477821012;68893;0
nada73;8855;4511;no;46179;6;own;no;15365;no;0.509372177;5.214430894;-30814;0
nada1059;10392;2771;yes;26654;2;rent;no;34029;yes;0.266621765;2.564610796;7375;0
ali72;16949;10454;no;15233;4;rent;no;3263;yes;0.616755162;0.898702065;-18496;0
omar028;8791;11616;yes;15887;9;own;no;69632;no;1.321201092;1.806983621;53745;1
fatima4529;7931;5361;no;29320;3;own;no;80474;yes;0.675869894;3.696419566;51154;0
user153;3202;8069;no;20808;9;rent;no;73218;no;2.519200749;6.496409616;52410;1
user18;14447;1920;yes;30154;4;own;no;22499;no;0.132890365;2.087070875;-7655;1
ahmad09;15688;9190;yes;34773;4;own;no;41157;yes;0.585760724;2.216393652;6384;1
user08;7389;4430;no;27747;5;rent;no;51247;yes;0.599458728;3.754668471;23500;0
ahmad9620;5327;5435;no;10860;9;rent;no;36034;yes;1.020082583;2.038288288;25174;1
nada7709;11004;13676;yes;42838;9;own;no;4706;no;1.24270786;3.892594275;-47544;1
huda5446;10777;11816;no;42156;5;own;yes;93072;yes;1.096307293;3.911300798;50916;0
nada84;3197;4760;yes;18156;7;own;no;19596;no;1.488430269;5.677298311;1440;1
ahmad08;4930;3050;no;20360;7;rent;no;93185;no;0.618535794;4.128979923;72825;0
noor0235;14774;12692;no;18135;8;rent;no;6434;no;0.859018613;1.227411168;-11701;0
user491;18087;2165;yes;25351;7;own;no;53382;yes;0.119692614;1.401536931;28031;0
user89;12339;9567;yes;30499;1;rent;no;33098;yes;0.77528363;2.471555916;2599;1
nada140;14589;3033;yes;47377;9;rent;no;345;no;0.207882111;3.247224126;-47722;1
huda438;18708;7467;no;23554;0;own;no;78029;no;0.399112726;1.258966273;54475;0
sara63;5811;1145;yes;49131;9;own;no;41228;no;0.197006194;8.453372333;-7903;1
jana32;17243;5388;no;19604;1;rent;no;1229;yes;0.312456507;1.136859197;-20833;0
jana237;9546;8832;yes;16923;1;own;yes;69099;yes;0.925107364;1.772598722;52176;0
sara4154;4986;9623;no;47591;2;own;no;51799;no;1.929617004;9.543011831;4208;1
ali3198;11338;9896;no;8547;9;rent;no;57257;yes;0.872740101;0.753770174;48710;0
ahmad947;14411;9173;no;44283;6;rent;yes;12558;no;0.636483486;3.072647794;-31725;0
noor2788;5911;3632;no;33002;1;rent;no;94468;no;0.614343708;5.582205683;61466;1
moh348;4734;5494;no;14562;0;rent;no;53436;yes;1.160295671;3.075395987;38874;0
jana9254;11680;9056;no;7480;5;rent;yes;87103;no;0.775276089;0.640356134;79623;0
omar1880;8759;8511;no;26672;8;own;no;27376;no;0.971575342;3.044748858;704;0
ahmad5122;5385;10155;no;4213;2;rent;no;82458;yes;1.885443743;0.782213145;78245;0
jana1864;14111;11426;yes;10293;5;own;yes;72924;no;0.809665533;0.729379252;62631;0
reem25;7736;11233;no;34441;2;own;no;24332;yes;1.451854724;4.451466977;-10109;0
ali0656;4802;2828;no;2100;0;rent;no;41737;yes;0.588798667;0.437226733;39637;0
rory60;11155;11300;yes;44617;4;rent;no;84031;yes;1.012907852;3.999372535;39414;1
sara16;11120;13260;no;28172;9;own;no;68970;no;1.192338818;2.533225429;40798;0
user3547;9616;10130;no;20132;3;rent;no;46952;no;1.053343038;2.093376313;26820;0
noor648;17257;5805;no;18199;6;own;no;15991;no;0.336365743;1.054525437;-2208;0
reem8622;17486;1806;no;36609;5;own;yes;22472;yes;0.10327672;2.093498027;-14137;0
fatima92;19646;10655;no;42965;9;own;no;54946;no;0.542321983;2.186847865;11981;0
sara0478;17075;8486;yes;8016;6;rent;no;21849;yes;0.49695479;0.46943078;13833;0
sara478;12208;14613;no;39779;4;rent;yes;3459;no;1.196903923;3.258170202;-43238;1
reem524;19371;12607;no;37261;3;own;no;2235;no;0.650784638;1.923446211;-39496;1
huda28;14835;9202;yes;31881;6;rent;no;38074;yes;0.620248045;2.148894581;6193;1
ahmad454;16168;14373;yes;17058;6;own;no;97795;yes;0.888923248;1.054981755;80737;0
nada6294;5049;2868;no;24472;5;rent;no;24283;no;0.567920792;4.845940594;-189;0
abd15;8423;8878;yes;41346;7;own;no;96387;yes;1.053893637;4.908119658;55041;1
moh879;17589;14059;no;34926;3;own;no;95161;no;0.799260944;1.985559977;60235;0
moh0340;10158;6690;yes;34832;9;rent;no;4231;yes;0.658529383;3.428683926;-39063;1
nada367;13248;14895;yes;36021;4;own;no;12806;yes;1.124235791;2.718771228;-23215;1
jana851;10400;8827;yes;24087;3;own;no;85518;no;0.848668397;2.315835016;61431;0
rory4629;12874;6429;no;12828;0;rent;no;2028;no;0.499339806;0.996349515;-14856;0
huda31;18151;10076;no;31128;7;rent;no;13256;no;0.555090348;1.714852358;-17872;0
nada4479;4154;4564;no;1401;0;own;no;98903;yes;1.09843562;0.337184116;97502;0
jana9036;7499;2389;no;19643;4;own;no;13653;yes;0.318533333;2.619066667;-5990;0
rory308;9295;12593;yes;15193;5;own;no;98579;yes;1.354668675;1.634358864;83386;0
ahmad24;15183;8274;no;26853;5;rent;yes;81669;no;0.544915701;1.768506322;54816;0
noor526;15874;13513;no;44864;4;own;no;34339;no;0.851212598;2.82607874;-10525;0
ali297;8539;1824;no;20307;2;rent;no;20757;no;0.213583138;2.377868852;450;0
moh29;12637;3265;yes;36982;4;rent;yes;98376;no;0.25834784;2.926254154;61394;1
moh5647;18586;1936;no;19611;7;own;no;37399;yes;0.104158821;1.055092269;17788;0
abd25;5557;11992;yes;43791;1;own;no;39013;no;2.157610651;7.878913278;-4778;1
reem99;8592;11745;no;11950;5;own;no;92605;no;1.366810194;1.390666822;80655;0
reem3166;19482;7402;no;10704;8;own;no;9706;no;0.379920957;0.549402043;-998;0
moh861;5200;4845;no;43111;7;rent;no;33231;yes;0.931551625;8.288982888;-9880;1
rory969;17172;2796;no;11867;7;own;no;22909;yes;0.162813719;0.691026612;11042;0
sara320;5961;9245;no;2745;7;own;yes;71631;no;1.550654143;0.460415968;68886;1
abd470;17207;8214;no;3866;6;rent;no;52572;yes;0.477336123;0.224662947;48706;0
huda7868;14969;1726;no;32245;7;own;no;80879;yes;0.115297261;2.153974616;48634;0
reem91;5869;3736;no;44724;5;rent;no;58767;yes;0.636456559;7.619080068;14043;1
sara903;16992;14832;no;5818;1;own;no;21469;no;0.872829989;0.342376273;15651;0
ali587;8699;12362;no;48861;1;rent;no;3687;yes;1.42091954;5.616206897;-52548;1
abd6492;6987;14331;no;30116;7;rent;no;2847;yes;2.050801374;4.309673726;-27269;1
ali47;16446;2913;no;15493;0;rent;yes;45222;yes;0.177114367;0.941995501;29729;0
ahmad8395;4218;10788;no;28038;5;rent;yes;69702;no;2.557004029;6.645650628;41664;0
noor382;7735;11106;yes;20447;5;own;no;4930;no;1.435625646;2.643097208;-15517;0
omar66;14296;8657;no;30431;3;own;no;1715;no;0.605511646;2.128488494;-32146;1
moh68;7555;3466;yes;17908;9;rent;no;30863;no;0.458708311;2.370037057;12955;0
noor6504;12146;11929;no;29336;2;rent;no;11704;no;0.982053182;2.415081913;-17632;0
nada7578;11050;10041;no;40992;2;own;yes;13705;yes;0.908605556;3.70934757;-27287;0
moh765;15757;11301;no;4025;0;own;no;4445;yes;0.717159538;0.255425815;-8470;0
abd4313;9893;8312;no;20093;2;own;no;16323;yes;0.840105114;2.030826764;-3770;0
sara736;17373;9194;no;6155;3;own;no;65968;yes;0.529181536;0.354264994;59813;0
nada5495;17565;13447;no;46607;4;own;no;61922;yes;0.765512923;2.653250598;15315;0
omar4267;6436;8906;no;33487;2;rent;no;48915;no;1.383563772;5.202268137;15428;0
fatima01;11754;13261;yes;47658;5;own;yes;5619;no;1.128115695;4.054274777;-42039;1
ali614;13677;5876;no;20963;4;own;no;67390;no;0.42959497;1.532607106;46427;0
reem20;8895;8287;yes;20936;2;rent;no;54274;no;0.931542266;2.353417266;33338;0
omar4560;19609;1892;no;4426;5;rent;no;68173;yes;0.096481387;0.225701173;63747;0
huda6314;18636;11222;no;23303;5;rent;no;16225;yes;0.602135537;1.250362183;-7078;0
jana88;10022;12352;no;45280;7;rent;yes;21739;no;1.232365559;4.517609498;-23541;1
fatima1240;12151;11568;yes;27606;1;own;yes;42708;no;0.951942067;2.271724819;15102;0
sara24;8600;5675;yes;47832;0;rent;no;48019;yes;0.659806999;5.561213812;187;1
ahmad078;10996;2933;no;28151;3;rent;no;71154;no;0.266709102;2.559879967;43003;0
sara7707;12007;2380;yes;13767;6;own;yes;97097;no;0.198201199;1.146485676;83330;0
ahmad419;15946;12873;yes;11308;9;rent;yes;2373;no;0.807236471;0.70909889;-8935;0
sara86;7642;2290;yes;44245;2;rent;yes;30281;no;0.299620568;5.788957216;-13964;1
ali657;14312;2640;no;45671;2;own;no;15187;yes;0.184447705;3.190875428;-30484;0
noor30;10679;14239;no;24770;4;own;yes;62863;yes;1.3332397;2.31928839;38093;0
user60;11208;8490;no;28572;4;own;no;92927;no;0.757427068;2.549023106;64355;0
fatima138;13716;11874;yes;41448;9;own;no;79085;yes;0.865641175;3.021651965;37637;1
reem33;6444;10179;no;2204;2;own;no;34220;no;1.579363848;0.34197052;32016;0
abd357;13757;2218;no;27233;8;rent;yes;2642;no;0.161215293;1.97943015;-24591;0
jana080;17434;6016;no;21729;3;own;no;74971;yes;0.345053054;1.246286206;53242;0
reem21;4060;7881;yes;31131;2;rent;yes;50556;no;1.940655011;7.665845851;19425;1
abd094;6420;10547;yes;33870;1;rent;no;28760;no;1.642579038;5.274879302;-5110;1
ali1606;3301;13457;yes;38011;9;rent;no;33192;yes;4.075408843;11.51150818;-4819;1
sara25;15468;13808;no;39382;8;rent;no;619;no;0.892623958;2.545865925;-40001;1
rory6002;19990;14774;no;49067;3;own;no;91583;no;0.739032565;2.454454505;42516;0
sara6949;3699;13327;yes;41475;2;own;no;14558;no;3.601891892;11.20945946;-26917;1
huda1872;3190;10752;yes;46681;6;rent;no;25782;yes;3.369476653;14.62895644;-20899;1
huda8157;13492;10610;yes;21607;7;rent;no;218;no;0.786333654;1.601348848;-21825;1
user2751;5975;1954;no;24968;1;rent;no;86417;no;0.326974565;4.178045515;61449;0
ahmad943;9102;10175;yes;33398;6;own;no;49712;yes;1.117763375;3.668900363;16314;1
fatima070;4816;8291;no;11908;4;rent;no;89945;yes;1.721195765;2.472078057;78037;0
huda140;3569;1974;no;26423;4;own;no;14462;no;0.552941176;7.40140056;-11961;0
abd58;8442;5133;no;43615;2;rent;no;55030;yes;0.607959256;5.165817837;11415;0
moh67;4895;6370;yes;9171;4;rent;no;63519;no;1.301062092;1.873161765;54348;1
rory209;6863;4972;yes;12721;1;own;no;51411;no;0.724358974;1.853292541;38690;0
reem3843;15913;6295;no;49429;3;rent;no;50206;no;0.395563655;3.106007289;777;0
noor80;10455;14913;no;16616;5;own;no;92469;yes;1.426262433;1.589135425;75853;0
moh86;7014;10105;no;42512;0;own;yes;41950;no;1.440484676;6.060156807;-562;0
sara871;14093;13741;no;38458;9;rent;no;2477;yes;0.974953881;2.72867887;-40935;1
noor64;6009;9228;yes;46169;3;rent;no;55926;no;1.535440932;7.68202995;9757;1
nada87;19538;12579;no;7659;5;rent;no;4677;no;0.643789344;0.39198526;-2982;0
abd37;13729;10903;no;43369;8;rent;no;70828;no;0.79410051;3.158703569;27459;0
ali69;4409;4020;yes;11704;1;own;no;10089;no;0.911564626;2.653968254;-1615;1
rory703;15249;9987;no;32793;6;rent;yes;419;no;0.654885246;2.150360656;-33212;1
nada540;3784;5036;no;48152;5;rent;no;6907;yes;1.330515192;12.72179657;-41245;1
jana30;11096;6068;no;46473;1;own;yes;609;no;0.546814454;4.187888619;-45864;0
omar98;10560;13880;no;31226;7;rent;yes;46153;no;1.314269482;2.956727583;14927;1
huda18;15533;6233;no;23852;6;own;no;45539;yes;0.401248873;1.535470581;21687;0
omar46;10343;12303;no;32082;4;rent;no;39143;yes;1.189385151;3.101508121;7061;0
ahmad190;10206;10516;yes;22794;4;own;no;17936;no;1.030273342;2.233173312;-4858;0
rory50;8801;1317;no;41420;6;own;no;45182;yes;0.149625085;4.705748693;3762;0
jana274;19921;3396;no;13379;8;own;yes;94524;no;0.170464813;0.67156912;81145;0
abd7095;8986;3162;yes;7006;8;rent;no;90042;no;0.351841549;0.779570491;83036;0
reem34;13647;3745;no;8682;8;own;no;8163;yes;0.274399179;0.636137163;-519;0
ali924;11716;14634;no;33840;5;own;no;54758;no;1.248954511;2.888111291;20918;0
jana828;15323;2591;no;32430;9;rent;no;41057;yes;0.16908118;2.116288175;8627;0
rory382;7780;12303;no;23091;5;rent;no;7537;no;1.581159234;2.967613417;-15554;0
ali9405;5368;7183;no;32983;2;own;no;17419;no;1.337865524;6.143229652;-15564;1
user81;15039;4930;yes;23989;0;own;yes;37578;no;0.327792553;1.595013298;13589;0
omar5656;9655;11188;yes;9915;6;own;no;69991;no;1.158657829;1.026822701;60076;1
fatima15;11173;2312;yes;42552;3;own;no;69599;no;0.206908896;3.808126007;27047;1
user26;7495;10477;no;18990;0;rent;yes;4166;no;1.397678762;2.533351121;-23156;0
ali60;13893;5311;no;24734;7;rent;yes;27214;yes;0.382251332;1.780192889;2480;0
nada42;16403;8314;yes;14824;5;rent;no;87934;yes;0.506827603;0.903682029;73110;0
ali286;16121;3383;no;36081;5;own;no;95028;no;0.209837489;2.237997767;58947;0
jana95;13966;4239;no;11033;1;rent;yes;2587;no;0.30350111;0.789933414;-13620;0
ahmad316;3853;3139;no;42736;0;rent;no;4505;no;0.814478464;11.08873897;-38231;1
moh421;19958;2704;no;16241;1;rent;no;97802;no;0.135477729;0.813718122;81561;0
sara43;12907;7924;yes;5939;3;rent;no;2895;yes;0.613882863;0.460102262;-8834;1
noor063;7777;1362;no;47464;1;rent;no;63104;no;0.175109283;6.102339933;15640;0
omar92;18338;3604;no;47562;0;rent;no;53408;no;0.196521075;2.593489285;5846;0
user92;5491;10908;no;35063;6;own;no;32679;yes;1.98616169;6.384377276;-2384;1
fatima3043;18328;14481;no;34464;7;rent;no;94096;yes;0.790059469;1.88029898;59632;0
user4575;17599;13643;no;11185;5;rent;no;74731;no;0.775170455;0.635511364;63546;0
ali27;6051;5286;no;27045;3;rent;no;60131;yes;0.873430271;4.468770654;33086;0
jana4205;18979;4738;yes;44769;5;own;yes;59280;yes;0.249631191;2.358746048;14511;1
user0030;19388;3469;no;47118;2;rent;no;10762;yes;0.17891588;2.430140801;-36356;0
moh251;3876;5795;no;19167;7;rent;no;53703;no;1.494712406;4.943770957;34536;1
ali845;7142;7150;no;36412;9;own;no;76434;no;1.00097998;5.097578048;40022;1
user990;18202;1556;yes;21625;1;own;no;58079;no;0.085480415;1.18799099;36454;0
rory75;9966;10017;yes;39188;4;rent;no;16577;no;1.005016555;3.931774857;-22611;1
fatima18;10079;3808;yes;27076;0;rent;no;3786;yes;0.377777778;2.686111111;-30862;1
abd1786;10987;6150;no;44605;5;rent;no;81339;no;0.559701493;4.059428467;36734;0
rory051;9799;13713;no;19029;1;own;no;43114;yes;1.399285714;1.941734694;24085;0
fatima603;7465;8561;yes;22973;3;rent;no;84234;yes;1.146664881;3.077015805;61261;0
moh05;16417;3719;no;39121;5;own;no;58230;no;0.226519674;2.382811548;19109;0
reem53;11311;7506;no;31433;9;own;no;27980;no;0.66354314;2.778730552;-3453;0
abd062;17098;12700;no;43309;7;own;no;62194;yes;0.742733493;2.532838178;18885;0
fatima76;8177;4741;no;1932;7;own;yes;72806;yes;0.579726094;0.23624358;70874;0
abd6558;17262;10766;no;44254;5;own;no;32792;no;0.623645948;2.563517349;-11462;0
rory20;11308;4998;no;1757;3;own;no;40807;yes;0.44194889;0.155362985;39050;0
ahmad48;8949;11321;yes;30722;7;own;no;17301;yes;1.264916201;3.432625698;-13421;1
user104;4150;3403;no;37853;7;own;no;141;yes;0.819802457;9.119007468;-37712;1
ahmad3420;4931;12521;no;38405;9;rent;no;99292;yes;2.538726683;7.786901865;60887;1
ahmad378;12204;9780;no;1116;0;own;no;8777;no;0.801310938;0.091437935;7661;0
reem352;4081;11204;no;43527;3;own;no;33346;yes;2.744732974;10.66315532;-10181;1
sara6293;19896;10739;no;11691;3;rent;no;49703;yes;0.539729607;0.587576016;38012;0
ahmad402;16407;1294;yes;492;6;own;no;89977;no;0.078863969;0.029985373;89485;0
reem9033;10805;11177;no;27882;6;rent;no;42819;no;1.034332778;2.580233204;14937;0
ali55;8237;6343;yes;8811;7;own;no;23469;yes;0.769968439;1.069555717;14658;0
omar8751;19943;14836;yes;27808;4;own;no;1155;yes;0.743882872;1.394304051;-28963;1
fatima79;15775;12309;no;24272;6;rent;no;18290;yes;0.780235801;1.538539554;-5982;0
huda17;19244;10882;no;28399;7;rent;yes;25699;no;0.56544557;1.475656015;-2700;0
abd2306;16184;2136;yes;6474;8;rent;no;39252;no;0.13197405;0.4;32778;0
rory22;6343;14544;no;26956;2;rent;no;93682;no;2.292559899;4.249054224;66726;0
noor685;16500;3064;no;47153;2;rent;no;1707;no;0.185685716;2.857584389;-48860;1
jana329;12662;13647;yes;42506;3;own;no;52089;no;1.077706705;3.356708521;9583;1
omar41;19964;8009;no;13979;4;own;no;11608;no;0.401152016;0.700175307;-2371;0
fatima0650;18125;13987;no;44523;9;own;no;61273;no;0.771653978;2.456305859;16750;0
huda58;11130;5543;no;42565;0;own;yes;11619;yes;0.497978618;3.824005031;-30946;0
huda488;4679;13962;yes;28328;6;rent;no;73006;no;2.983333333;6.052991453;44678;1
fatima840;6506;2007;no;47375;8;rent;no;82908;yes;0.308437068;7.28062087;35533;0
rory09;16284;6445;no;12867;7;own;no;76653;yes;0.395762972;0.790113601;63786;0
noor060;10253;11706;no;25851;4;rent;no;9779;no;1.141603277;2.52106495;-16072;0
fatima85;12435;12718;yes;31279;3;rent;no;46040;yes;1.022676102;2.515197813;14761;1
fatima627;14310;13873;no;30527;6;own;yes;89830;no;0.969394172;2.133114388;59303;0
fatima60;16296;6352;yes;7866;4;own;no;51325;no;0.389764987;0.482665521;43459;0
reem95;16245;10439;no;15449;6;own;no;16630;no;0.642558168;0.95094177;1181;0
noor62;14151;14281;yes;10685;0;own;no;7178;no;1.009115319;0.755016959;-3507;0
moh15;13457;13094;no;23544;0;own;no;14935;yes;0.97295289;1.749442711;-8609;0
rory6188;5479;2435;no;5451;9;rent;no;42258;no;0.444343066;0.994708029;36807;0
noor9065;7452;1571;no;21642;2;own;no;17784;no;0.210787602;2.903797129;-3858;0
user5697;8881;3382;yes;41316;1;own;no;58722;no;0.380770097;4.651655033;17406;1
ahmad5279;17069;10437;no;39954;1;rent;no;18027;no;0.61142355;2.34059754;-21927;0
noor580;5849;11276;no;38870;6;rent;no;91544;yes;1.927521368;6.644444444;52674;1
reem4750;10390;6084;no;31030;9;rent;no;52853;no;0.585506688;2.986238091;21823;0
nada57;14922;1277;no;30873;1;own;no;62359;yes;0.085572606;2.068819942;31486;0
omar65;5489;14507;no;619;3;own;no;67388;no;2.642440801;0.112750455;66769;0
omar831;12823;8059;no;33650;1;rent;no;73608;yes;0.628431067;2.623986276;39958;0
jana077;12207;2887;no;25372;5;own;no;71669;no;0.236484273;2.078309305;46297;0
reem1021;12540;13771;no;3642;7;own;no;10111;yes;1.098078303;0.290407464;6469;0
fatima269;19364;2265;no;28001;9;rent;no;27312;yes;0.116963594;1.445959205;-689;0
fatima858;7611;8491;no;34064;3;rent;yes;19161;no;1.115475565;4.475039411;-14903;0
jana6545;8878;14018;no;29290;4;own;yes;99823;no;1.578781394;3.298794909;70533;0
omar63;19347;2040;yes;14122;3;own;no;62313;no;0.105437254;0.729894563;48191;0
jana35;3851;10109;no;24820;2;own;no;45374;no;2.624350987;6.443406023;20554;0
omar001;9833;9073;no;2895;4;own;no;19014;no;0.922615416;0.294386821;16119;0
ali3447;14938;10077;no;5366;8;own;no;75308;no;0.674543142;0.359194056;69942;0
nada6096;5427;3752;yes;8711;7;own;no;41389;yes;0.691230656;1.604826824;32678;1
moh850;7000;9213;no;19596;7;own;yes;13161;no;1.315954864;2.79902871;-6435;0
omar2603;8052;5569;no;18793;7;rent;no;2490;yes;0.691543524;2.333664473;-16303;0
abd7480;5738;12383;no;8199;7;rent;no;19502;no;2.157692978;1.428646106;11303;1
ahmad816;8387;7353;yes;10717;6;rent;no;30757;no;0.876609442;1.27765856;20040;0
abd228;11002;3353;no;36191;7;own;no;36111;no;0.304735072;3.289193856;-80;0
ali606;8536;8437;no;10211;7;own;no;93273;no;0.988286283;1.196087619;83062;0
omar801;16479;5799;no;45550;7;own;no;78245;no;0.351881068;2.763956311;32695;0
rory84;6913;1686;no;23360;9;own;no;53645;no;0.243853052;3.37865201;30285;0
ali2360;13636;9476;no;21542;6;own;no;54055;yes;0.694874239;1.579672949;32513;0
user79;8726;5811;no;31312;0;rent;no;3998;no;0.665864558;3.587945457;-27314;0
nada41;6373;12939;yes;45242;3;rent;no;23906;yes;2.029965485;7.097897709;-21336;1
sara36;15161;9954;no;36435;3;rent;yes;96026;no;0.656509695;2.403047091;59591;0
moh12;5082;6346;no;28247;4;own;no;65192;yes;1.24847531;5.557151289;36945;0
reem075;19281;6043;yes;22357;9;rent;yes;45477;yes;0.313401099;1.159475158;23120;0
abd46;18305;3428;yes;41045;5;own;no;31901;yes;0.187261007;2.24216104;-9144;1
fatima084;12817;11699;no;27691;3;own;no;86271;no;0.912700889;2.160321423;58580;0
noor694;14261;6126;no;12424;1;own;no;47021;no;0.429533025;0.871126069;34597;0
fatima2326;3417;9220;no;18852;5;rent;no;24092;yes;2.697483909;5.515506144;5240;0
abd910;11808;10098;no;22601;7;rent;yes;3758;no;0.855110509;1.913879245;-26359;0
rory6960;6267;12296;no;18020;7;own;no;3169;yes;1.961710274;2.87492023;-21189;1
fatima628;8745;8813;no;8155;6;rent;no;45721;no;1.007660645;0.932426252;37566;0
moh2515;14338;13191;yes;3583;5;rent;no;23511;no;0.919938629;0.249877955;19928;0
jana37;3412;12186;no;15515;1;own;yes;67782;no;3.570465866;4.545854087;52267;0
abd093;10543;11698;no;36777;6;own;no;92003;no;1.109446131;3.487955235;55226;1
moh717;10587;13857;yes;19710;4;own;yes;13302;yes;1.30874575;1.861541368;-6408;0
noor0558;3728;12801;yes;43178;5;rent;yes;50568;no;3.432823813;11.5789756;7390;1
rory480;14657;12745;no;24532;9;own;no;1768;no;0.869491063;1.673625324;-26300;0
sara3090;8988;10645;no;18601;7;rent;no;97062;no;1.184225164;2.069306931;78461;0
abd5136;5967;14025;no;4967;7;own;no;99301;no;2.350033512;0.832272118;94334;1
noor26;17527;4356;no;18753;2;rent;yes;46507;yes;0.248516659;1.069888179;27754;0
reem616;19048;9707;no;20022;6;own;no;71508;no;0.509580555;1.051078797;51486;0
user290;8073;8266;no;43463;0;rent;no;95128;no;1.023780035;5.383081496;51665;0
reem0426;8104;7540;no;9135;0;rent;no;5683;yes;0.930289944;1.127082048;-3452;0
jana048;5143;1038;no;5722;6;rent;no;18664;yes;0.201788491;1.112363919;12942;0
huda26;10357;4342;yes;27413;9;rent;no;97364;yes;0.419192894;2.646553389;69951;0
abd36;15043;10078;no;27236;8;own;no;28172;no;0.669901622;1.81042276;936;0
nada26;6440;3844;no;15514;6;rent;no;78641;no;0.596801739;2.4086322;63127;0
ali04;8644;11396;no;43896;9;own;no;59340;yes;1.318218623;5.07761712;15444;1
sara4107;13518;2098;no;37212;4;own;no;82236;yes;0.155188993;2.752570456;45024;0
nada176;17552;8027;no;40386;7;rent;no;6017;no;0.457300746;2.300803281;-34369;0
fatima130;5914;2823;yes;20331;1;own;no;31613;no;0.4772612;3.437193576;11282;1
moh0756;16584;12393;no;18060;8;rent;no;81130;yes;0.747241483;1.088935785;63070;0
ali102;15144;14998;no;1196;5;rent;yes;71920;yes;0.990293826;0.078969957;70724;0
noor8253;17397;14261;yes;12297;8;own;no;25348;no;0.819691919;0.70680538;13051;0
omar3852;11787;4155;yes;2787;1;rent;no;11448;yes;0.352477095;0.236426875;8661;0
moh54;17191;4093;no;23816;2;own;no;4491;yes;0.238075849;1.385295486;-19325;0
omar0996;3728;12722;yes;40695;7;own;no;73648;no;3.411638509;10.91311344;32953;1
huda7854;3698;6658;no;19702;0;own;no;91557;no;1.799945931;5.326304407;71855;0
omar12;10186;4778;yes;25242;9;rent;no;53759;yes;0.469029155;2.477863944;28517;0
ahmad0025;17512;3896;no;2176;6;rent;no;39553;yes;0.222463313;0.124250557;37377;0
reem00;16923;12645;yes;20127;6;rent;no;4032;yes;0.747163791;1.189257859;-24159;1
reem598;19779;12703;no;41560;0;rent;no;4632;yes;0.642214358;2.101112235;-46192;1
nada59;10400;1988;no;27228;8;own;yes;68960;no;0.191135468;2.617825209;41732;0
moh2459;7171;5116;no;20208;7;own;no;30010;no;0.713329615;2.817624094;9802;0
sara9837;7360;7446;yes;28482;3;rent;yes;49154;no;1.011547344;3.869311235;20672;0
sara01;5502;14156;no;9171;9;own;no;30851;no;2.572415046;1.666545521;21680;1
moh21;8486;13218;no;35219;4;own;no;20496;no;1.557440792;4.149758454;-14723;0
rory097;11335;5179;no;33396;1;own;no;25936;yes;0.456863091;2.946012703;-7460;0
noor7306;7491;2682;yes;42589;8;rent;no;73858;no;0.357981847;5.684596903;31269;1
omar982;14130;14698;yes;40546;5;rent;no;62005;no;1.040124549;2.869294459;21459;1
noor08;10651;6626;no;3696;2;own;no;32493;no;0.622042809;0.346977094;28797;0
user3907;4167;8424;no;20058;6;own;no;64795;yes;2.021113244;4.812380038;44737;1
abd9987;4062;13857;no;20313;8;rent;no;31390;no;3.410534088;4.999507753;11077;1
fatima090;14174;13155;no;19149;2;rent;no;5292;no;0.928042328;1.350899471;-13857;0
user7688;7729;1933;no;45740;1;own;no;87377;no;0.250064683;5.917205692;41637;0
noor38;12348;4598;yes;41075;6;rent;no;23365;yes;0.372337841;3.326180258;-17710;1
sara618;8334;12425;no;4956;6;own;no;12207;no;1.49070186;0.59460108;7251;0
jana482;11924;2980;yes;10195;3;own;no;96735;no;0.249895178;0.854926625;86540;0
moh7250;7330;11047;no;17076;8;rent;no;17912;no;1.506888555;2.329286591;836;0
abd64;9801;4056;no;1105;7;rent;no;97455;no;0.413793103;0.112732095;96350;0
ahmad420;7846;9984;no;15417;0;own;yes;97517;yes;1.272333376;1.964699885;82100;0
ali16;9731;1791;yes;24729;0;rent;no;75771;yes;0.184032059;2.540998767;51042;0
reem634;18368;11001;yes;46956;4;rent;no;51572;yes;0.598889433;2.55626327;4616;1
jana554;5539;6390;yes;30099;5;rent;no;94083;no;1.153429603;5.433032491;63984;1
moh5213;10056;7635;yes;32598;2;rent;no;14276;yes;0.759172716;3.241324451;-18322;1
jana5800;14516;3255;yes;29961;8;rent;no;92459;no;0.22421988;2.063856169;62498;0
sara522;14493;4610;no;12602;9;own;no;534;no;0.318062647;0.869463226;-12068;0
omar2507;4542;2607;yes;9256;5;own;no;87005;yes;0.573849879;2.037420207;77749;1
ahmad4962;16964;6179;yes;20584;3;own;no;96610;no;0.364220454;1.213321544;76026;0
jana819;9313;7573;no;46980;6;own;no;30670;no;0.813077088;5.044019755;-16310;0
sara520;16807;1984;no;34681;7;rent;no;57147;no;0.118039029;2.063362684;22466;0
nada095;12580;6776;no;25792;8;rent;yes;93099;no;0.538589937;2.050075511;67307;0
abd95;11691;4676;yes;21904;5;own;no;31486;no;0.399931577;1.873417722;9582;0
moh0009;10494;4380;no;43361;5;own;no;60557;yes;0.417341591;4.13158647;17196;0
abd072;7312;9711;yes;34540;7;own;no;29268;no;1.327909203;4.723095857;-5272;1
user8282;4324;9782;yes;26536;4;own;yes;76335;yes;2.261734104;6.135491329;49799;1
abd7329;6141;2050;no;19164;2;rent;no;21336;no;0.333767502;3.120156301;2172;0
sara76;4810;14997;yes;12996;2;own;no;1359;yes;3.117231345;2.701309499;-14355;1
sara107;9588;4633;no;2871;5;rent;no;82132;no;0.483157785;0.299405569;79261;0
fatima378;8301;7342;no;46002;1;rent;no;27959;no;0.884365213;5.54107444;-18043;0
rory12;18485;13636;no;49812;5;own;yes;8306;no;0.737639295;2.694579682;-41506;0
jana82;14714;1959;no;22626;5;own;no;41182;yes;0.13312946;1.537614679;18556;0
abd304;7748;7059;yes;10521;7;own;no;69123;no;0.910956252;1.357723577;58602;0
abd7614;12435;9884;no;43410;6;rent;no;51326;no;0.794789321;3.490672242;7916;0
ahmad8989;6709;6655;no;1132;7;rent;yes;91895;no;0.991803279;0.168703428;90763;0
nada13;16116;13091;no;33467;8;own;no;16498;yes;0.812247937;2.076503071;-16969;0
rory18;12576;5473;no;14534;5;rent;no;65198;no;0.435159418;1.155601495;50664;0
noor533;13150;3946;yes;23854;2;rent;no;97630;no;0.300053228;1.81385446;73776;0
abd01;9530;8725;no;42998;9;own;yes;22197;yes;0.915433847;4.511383905;-20801;0
omar16;13188;1526;yes;39065;2;own;no;15719;no;0.115702479;2.961937979;-23346;1
fatima62;17683;4224;no;45607;0;rent;no;85201;no;0.238859986;2.578997964;39594;0
fatima68;3504;11445;no;7812;4;rent;no;20032;no;3.265335235;2.228815977;12220;0
nada2826;4214;12536;yes;4557;3;rent;no;54624;yes;2.974139976;1.08113879;50067;1
abd8163;4531;13157;no;2179;8;rent;no;73177;no;2.903133274;0.480803177;70998;1
ali0041;3823;14547;yes;43798;8;rent;no;36964;no;3.804131799;11.45345188;-6834;1
moh07;8029;2875;no;9065;4;own;yes;25028;no;0.358032379;1.128891656;15963;0
sara08;16428;2763;no;8275;9;rent;no;49646;no;0.168178221;0.503682513;41371;0
moh686;19517;9712;no;47857;3;rent;yes;76187;no;0.497591966;2.451941797;28330;0
nada8956;5105;6797;no;35948;6;rent;no;3536;no;1.331179005;7.040344693;-32412;1
jana701;6627;10208;no;20700;5;own;no;51747;yes;1.54013277;3.123114062;31047;0
abd229;15972;8099;yes;39464;3;own;no;40712;no;0.507043135;2.470669254;1248;1
jana562;4852;6109;yes;42351;9;own;yes;1273;no;1.258808984;8.726766948;-41078;1
huda8618;7910;7644;yes;27794;1;own;no;66820;yes;0.966249526;3.513335861;39026;0
fatima9457;14003;1116;yes;28783;0;own;no;86228;yes;0.079691517;2.055341331;57445;0
ali471;16843;3433;no;16998;3;rent;yes;69353;no;0.203811446;1.009142721;52355;0
ahmad8651;14704;6463;no;13869;3;rent;yes;89491;no;0.439510371;0.943148589;75622;0
user62;18761;1583;no;44525;0;own;yes;87091;yes;0.084372668;2.373147852;42566;0
noor042;9190;9586;yes;28152;5;rent;no;80914;no;1.042976825;3.06299641;52762;0
moh064;8645;14375;no;20954;3;own;no;45830;yes;1.662618552;2.423548462;24876;0
user979;12588;4788;no;31555;0;own;no;12127;no;0.380332036;2.50655334;-19428;0
ahmad2635;14829;11960;yes;16654;0;own;yes;78488;no;0.806473365;1.122993931;61834;0
nada093;11053;5167;no;45026;0;rent;no;6539;no;0.467432604;4.073276642;-38487;0
abd6533;6330;13052;no;35236;7;own;no;41761;yes;2.061601643;5.565629442;6525;1
ali586;11662;9465;yes;46976;9;own;no;41219;no;0.81154077;4.027780159;-5757;1
huda90;10114;11205;no;15042;7;own;no;9692;yes;1.107760751;1.487098369;-5350;0
jana6247;16323;14631;no;25966;1;rent;yes;78656;no;0.896287675;1.590664053;52690;0
ali013;4353;13625;yes;48407;6;own;yes;8334;no;3.129306385;11.11782269;-40073;1
sara682;13975;2389;no;44314;7;rent;yes;23615;no;0.17093589;3.170721236;-20699;0
user93;14023;12758;no;45095;7;rent;no;2903;yes;0.909726184;3.215559042;-42192;0
omar388;3667;13894;no;14270;9;rent;yes;23527;no;3.787895311;3.89040349;9257;1
noor246;12337;9357;no;30908;6;rent;no;10629;no;0.758388718;2.505106176;-20279;0
ali832;16659;10759;no;15523;4;own;no;53008;yes;0.645798319;0.931752701;37485;0
moh441;6719;7154;no;47068;0;own;no;78276;no;1.064583333;7.004166667;31208;0
user45;10483;6420;no;19991;8;rent;no;94318;no;0.612361694;1.906810378;74327;0
rory53;3539;9920;yes;10775;6;own;no;21708;no;2.802259887;3.043785311;10933;1
huda9142;7964;3043;no;12265;1;rent;no;5860;no;0.382046453;1.539861896;-6405;0
huda45;7835;5197;no;19459;5;rent;yes;12438;no;0.663221031;2.483282287;-7021;0
abd21;9042;4496;no;16673;1;rent;no;62300;yes;0.497180139;1.843746544;45627;0
jana3121;17837;14703;yes;27056;0;rent;no;66545;no;0.824251598;1.516761969;39489;0
rory0940;10312;1778;no;6614;6;rent;no;15842;no;0.172403762;0.641326481;9228;0
nada20;8320;1213;yes;36020;1;rent;no;55213;yes;0.145775748;4.328806634;19193;1
ahmad152;16216;4762;yes;7415;1;own;no;37372;no;0.293642474;0.457236234;29957;0
reem6091;5779;14399;yes;23155;4;rent;no;93971;no;2.491176471;4.006055363;70816;1
abd4681;4581;10768;no;49430;4;own;no;63906;no;2.350065474;10.78786556;14476;1
reem3854;15677;11640;no;43884;6;own;no;33744;yes;0.742441638;2.799081515;-10140;0
omar51;8713;7731;no;16964;0;rent;yes;52442;yes;0.887193023;1.946752353;35478;0
user585;19639;12128;yes;37726;7;own;no;80990;no;0.617515275;1.920875764;43264;1
noor413;7804;4117;no;37044;2;own;no;98903;yes;0.527482383;4.746188341;61859;0
abd386;13136;6791;no;37544;3;own;no;1350;no;0.516936896;2.857882317;-38894;1
reem80;3009;9783;no;49976;8;rent;no;40117;yes;3.250166113;16.60332226;-9859;1
sara00;8124;14621;yes;32252;3;rent;no;86244;yes;1.799507692;3.969476923;53992;1
rory03;4015;14397;no;3832;9;rent;yes;47772;no;3.584910359;0.954183267;43940;1
user273;5193;3720;no;25275;4;own;no;1810;yes;0.716211013;4.86619176;-27085;1
huda560;11415;9905;no;14901;6;rent;no;43113;no;0.867641906;1.305273301;28212;0
sara893;16550;10127;yes;38213;3;rent;no;3789;no;0.611866352;2.308803093;-34424;1
jana85;17512;7047;yes;34148;0;own;yes;27125;yes;0.402386798;1.949865814;-7023;1
user541;7158;13529;no;42633;8;own;no;93695;yes;1.889789077;5.955161335;51062;1
noor05;9970;9032;no;22918;3;own;no;12459;no;0.905826898;2.29846555;-10459;0
huda049;9938;1001;no;46694;8;rent;no;30418;yes;0.100714358;4.698058155;-16276;0
ali036;16772;7368;no;19540;5;rent;no;42085;no;0.43927741;1.164967507;22545;0
omar59;13344;12040;yes;11580;0;rent;yes;13768;no;0.902210566;0.867740727;2188;0
nada3052;10266;13236;no;38402;2;own;no;44961;no;1.289178923;3.740333106;6559;0
moh3212;11702;2949;no;38578;1;rent;no;76099;no;0.25198667;3.296419721;37521;0
rory93;3384;7732;no;24917;8;rent;no;22885;no;2.284194978;7.361004431;-2032;1
jana285;3404;8833;no;22318;0;rent;no;82421;no;2.594126285;6.554478708;60103;0
abd2308;11175;1917;no;10179;8;rent;yes;56082;yes;0.171528275;0.910790981;45903;0
user138;18158;4174;yes;12251;8;own;no;1895;yes;0.229858472;0.674651688;-10356;0
moh49;15763;11433;no;45899;7;own;no;45311;yes;0.725260086;2.911634103;-588;0
nada568;12860;8014;yes;19493;7;rent;no;84494;no;0.623124174;1.515667522;65001;0
noor000;8989;1089;no;20466;0;rent;no;62067;no;0.121134594;2.276529477;41601;0
noor36;18106;2709;no;30206;7;rent;no;66017;no;0.149610648;1.668194621;35811;0
jana0876;6636;11361;no;45475;9;own;no;18932;yes;1.711767365;6.851740244;-26543;1
noor8857;13916;13430;no;19624;2;rent;yes;16360;no;0.965006826;1.41007401;-3264;0
jana484;7809;4041;no;26564;6;own;no;49847;no;0.517413572;3.40128041;23283;0
ali50;16456;1105;no;22412;0;own;no;85365;yes;0.06714468;1.361852099;62953;0
user171;18444;10078;no;27990;0;rent;no;80468;no;0.546381133;1.517484413;52478;0
rory59;8997;9619;yes;35517;9;rent;no;33931;yes;1.069015337;3.947210491;-1586;1
jana9206;5048;14616;no;13156;4;own;no;50823;no;2.89483066;2.605664488;37667;0
rory8794;15338;2895;no;23064;4;own;no;33032;yes;0.188734598;1.503618228;9968;0
fatima621;7544;7090;no;25711;7;own;no;76426;no;0.939695162;3.40768721;50715;0
ahmad83;7976;9508;no;30106;6;own;no;13807;no;1.19192679;3.774100539;-16299;1
omar7130;15775;7082;no;16589;7;rent;no;6767;no;0.448909736;1.051533976;-9822;0
omar735;13015;1634;yes;23736;5;rent;yes;3071;no;0.1255378;1.823601721;-20665;0
rory9050;6419;2925;no;20975;5;own;no;48413;no;0.455607477;3.267133956;27438;0
user238;17430;3056;yes;36218;1;rent;yes;21149;no;0.175319832;2.077792439;-15069;1
noor28;10239;7917;yes;7214;5;rent;no;10540;no;0.773144531;0.704492188;3326;0
reem238;17489;4144;yes;30581;4;rent;no;96212;yes;0.236935392;1.748484848;65631;1
nada82;19633;11462;no;20195;2;own;no;65248;no;0.583783233;1.028572884;45053;0
user150;13357;10631;no;44582;5;rent;no;86737;yes;0.795852673;3.33747567;42155;0
nada08;7363;1552;yes;27127;7;own;no;80435;yes;0.210755024;3.683731668;53308;0
abd0586;13176;9907;no;5141;8;own;yes;14787;no;0.751840328;0.390149503;9646;0
ahmad016;11427;6383;no;28884;0;own;no;15982;no;0.558540427;2.527476374;-12902;0
reem4741;11580;4911;yes;24885;2;own;no;17606;yes;0.424056645;2.148778171;-7279;0
user0196;7858;10905;no;2708;2;own;no;5150;no;1.387581117;0.344573101;2442;0
omar304;13040;4389;no;18375;7;own;no;80929;no;0.336553945;1.409017713;62554;0
ali65;18254;10299;no;15088;0;own;no;97795;no;0.564174199;0.826513284;82707;0
rory948;14470;14629;no;44602;4;rent;no;41936;yes;1.010918389;3.082164329;-2666;0
rory64;4252;13398;no;45046;2;rent;no;88286;no;3.150246885;10.59158241;43240;1
noor341;9996;9442;no;10014;1;own;no;3593;yes;0.944483345;1.00170051;-6421;0
rory123;15173;3430;no;3273;7;rent;yes;12358;no;0.22604455;0.215697904;9085;0
reem941;7673;11246;no;47135;2;rent;yes;77143;yes;1.465467813;6.142168361;30008;0
ahmad80;18781;1458;yes;37306;6;rent;no;32381;yes;0.077627516;1.986263444;-4925;1
reem944;16051;14395;no;30881;0;own;no;85347;no;0.896772988;1.923810117;54466;0
huda5079;9881;1207;no;31486;5;rent;no;23074;no;0.122141267;3.186197126;-8412;0
huda538;9949;1899;yes;12541;2;rent;yes;15595;yes;0.190854271;1.26040201;3054;0
fatima313;12521;12653;yes;8712;7;rent;no;39194;yes;1.010461588;0.695735506;30482;1
moh22;11017;12577;no;9168;5;own;no;44377;no;1.141495734;0.832092939;35209;0
fatima6171;9941;1021;no;3551;1;rent;no;21853;yes;0.102695635;0.357171595;18302;0
moh3450;13209;9601;no;12297;5;rent;no;68719;no;0.72679788;0.930885693;56422;0
fatima619;12550;1894;no;43733;6;rent;yes;15661;yes;0.15090431;3.484423552;-28072;0
rory688;7637;1514;yes;27128;4;own;no;45493;yes;0.198219429;3.551715109;18365;0
reem1514;7854;8294;no;2832;2;own;no;31495;yes;1.055887969;0.360534691;28663;0
ali05;13320;5904;yes;28483;3;rent;yes;8703;no;0.443209969;2.138202838;-19780;0
rory807;7892;8867;no;22063;3;rent;yes;48080;yes;1.123400481;2.795261624;26017;0
ali56;10043;14161;no;22963;5;own;yes;25815;yes;1.409896456;2.286240542;2852;0
jana4834;19521;5109;no;13422;9;rent;yes;24565;no;0.261704743;0.687532015;11143;0
huda1922;7164;14258;no;32920;0;own;no;58321;no;1.989951151;4.594556874;25401;0
huda3311;10941;8179;no;11156;3;rent;no;53453;yes;0.747486748;1.019557668;42297;0
fatima077;17388;11326;no;11108;9;rent;yes;83478;no;0.651331301;0.63879464;72370;0
huda3387;8569;12787;no;31845;3;rent;yes;28161;no;1.492065344;3.715869312;-3684;0
fatima94;7300;12148;no;2800;9;rent;no;50991;yes;1.66388166;0.383509108;48191;0
noor128;9269;2560;no;38078;0;own;no;4716;yes;0.276159655;4.107659115;-33362;0
noor908;6818;14612;no;42712;8;rent;no;28349;no;2.142836193;6.263675026;-14363;1
moh7882;15015;2266;no;2610;3;own;no;42098;no;0.150905701;0.173814598;39488;0
huda882;15234;11361;no;12067;6;rent;no;4868;no;0.745717099;0.792057762;-16935;0
ahmad11;9254;4638;yes;33872;2;rent;no;46990;yes;0.501134522;3.659859535;13118;1
fatima21;10350;9941;no;10728;9;rent;yes;63921;yes;0.9603903;1.036421602;53193;0
jana1389;18183;4427;no;29566;2;own;no;31538;no;0.243455785;1.625934888;1972;0
abd32;9238;5780;yes;29783;7;rent;no;95572;yes;0.625608832;3.223617275;65789;0
reem414;9090;2927;yes;20583;7;own;no;94279;no;0.32196678;2.264107359;73696;0
abd76;14637;12996;yes;20238;0;own;no;2213;no;0.887826206;1.382565924;-18025;0
ahmad30;15647;12894;no;7263;9;rent;no;39223;yes;0.824003067;0.464148773;31960;0
huda24;12911;3356;no;1914;1;own;no;86655;no;0.259913259;0.148234201;84741;0
reem2211;11472;5790;no;23749;7;rent;no;63371;no;0.504663122;2.069990412;39622;0
sara95;6266;11527;no;19456;0;own;yes;63274;no;1.839317058;3.104515717;43818;0
moh3907;3666;1306;no;25582;7;own;yes;866;yes;0.356149441;6.976274884;-26448;1
omar56;7188;8979;no;406;7;rent;no;86428;yes;1.248991515;0.05647517;86022;0
sara71;13161;4665;no;13689;1;rent;no;34601;no;0.354429418;1.040039508;20912;0
omar20;14314;11181;no;32934;3;own;no;68889;yes;0.781068809;2.30066364;35955;0
moh39;15891;8057;no;33276;5;rent;no;10690;no;0.506984646;2.093883715;-22586;0
reem9149;7777;1661;no;36432;8;rent;yes;3091;yes;0.213551041;4.683980458;-39523;1
user3115;6900;5644;yes;19873;7;rent;yes;86239;no;0.817852485;2.879727576;66366;0
fatima4751;16716;9503;no;13050;7;own;no;75032;yes;0.568463241;0.78064246;61982;0
ahmad71;9981;3920;no;680;6;rent;no;7062;no;0.392706872;0.068122621;6382;0
jana44;9376;10274;no;18908;8;rent;no;70386;yes;1.095659593;2.016423163;51478;0
nada58;19907;12163;yes;18504;1;rent;no;88237;no;0.610960418;0.929475588;69733;0
user78;13160;9946;yes;21644;2;own;no;29731;yes;0.755717651;1.644555885;8087;0
jana258;17124;13322;no;37125;9;rent;no;153;no;0.777927007;2.167883212;-36972;0
ahmad94;19282;13732;yes;1363;7;rent;yes;5481;yes;0.712129855;0.070684022;4118;0
huda4323;13488;7236;no;42291;5;rent;no;94270;no;0.536437097;3.135221291;51979;0
reem55;8240;7078;yes;35060;9;own;no;61425;no;0.85887635;4.254338066;26365;1
abd498;13453;14518;no;1538;8;rent;no;58600;yes;1.079084287;0.114315445;57062;0
omar774;13478;1352;no;36176;9;rent;no;79981;no;0.100304177;2.683878626;43805;0
ahmad370;15394;10094;no;41520;3;own;no;66997;yes;0.655667424;2.696979539;25477;0
huda1064;7432;14643;no;25675;7;own;no;99470;no;1.969998655;3.454190771;73795;0
ali8966;16568;13080;yes;18287;9;rent;yes;23205;no;0.789426037;1.103687609;4918;0
noor4464;17178;8005;yes;174;2;own;no;83887;yes;0.465975901;0.010128645;83713;0
ali4499;3302;1158;no;26732;2;rent;yes;76542;yes;0.350590372;8.093248562;49810;0
huda76;3055;11169;no;34998;7;rent;no;39149;yes;3.654777487;11.45222513;4151;1
huda966;16013;1956;no;37055;4;rent;yes;44112;no;0.122143125;2.313912826;7057;0
omar7039;11717;3071;no;12112;2;own;no;5940;yes;0.262075439;1.033623485;-6172;0
huda83;11150;9595;no;39874;9;own;no;54010;no;0.860460945;3.575822796;14136;0
ahmad34;5125;13803;no;9689;0;rent;no;71794;no;2.692742879;1.890167772;62105;0
moh146;14479;11971;no;44814;2;own;no;19485;no;0.826726519;3.094889503;-25329;0
nada331;18745;10579;yes;19555;8;rent;yes;84299;yes;0.564333725;1.043155873;64744;0
nada78;19748;4453;no;33919;4;own;no;3933;no;0.225479771;1.717504684;-37852;1
rory1032;9809;7675;no;7619;9;own;no;15607;no;0.782364934;0.776656473;7988;0
reem501;7621;1955;no;6033;1;own;no;56597;no;0.256494358;0.791524534;50564;0
rory8884;18034;7295;yes;41328;6;rent;yes;69554;yes;0.404491267;2.29154422;28226;1
noor4323;16623;2712;no;4946;1;rent;no;43521;yes;0.163137632;0.297521655;38575;0
fatima149;8126;5703;no;24618;3;own;no;10187;yes;0.701734958;3.029162052;-14431;0
fatima318;8122;7563;no;34675;6;own;yes;97911;no;0.931059953;4.268743075;63236;0
reem1820;8870;10465;no;36258;3;own;no;1015;yes;1.179686619;4.087250592;-37273;1
user5968;4531;6631;no;18919;6;rent;no;38052;no;1.463150927;4.174536628;19133;1
huda152;11172;13003;no;4173;6;own;no;14563;yes;1.163787702;0.373489663;10390;0
abd4506;10673;11817;yes;43833;0;rent;no;42322;no;1.107082631;4.106520517;-1511;1
huda551;9882;11574;no;26400;5;rent;no;97842;no;1.171101892;2.671253668;71442;0
nada4881;4906;10633;yes;4769;8;rent;no;56245;no;2.166904422;0.971876911;51476;1
sara8036;6086;12171;no;37564;1;own;no;46514;yes;1.999507146;6.171184492;8950;0
rory722;16503;10989;no;45814;2;rent;no;13608;yes;0.665838585;2.775933107;-32206;0
ali4923;11152;13582;yes;14211;9;own;no;99675;yes;1.217788936;1.274186318;85464;1
ahmad855;8750;13201;no;23255;4;own;no;62262;yes;1.508513313;2.657410582;39007;0
ali1440;15772;14042;yes;27962;8;rent;no;87118;no;0.8902555;1.772776263;59156;0
user2804;13267;2394;no;19356;3;rent;no;66327;no;0.180434127;1.458848357;46971;0
reem362;4062;13473;no;20306;0;own;no;52225;no;3.316022643;4.997784888;31919;0
moh585;9229;10461;no;4997;3;own;no;68994;yes;1.133369447;0.541386782;63997;0
noor004;19509;5732;yes;17376;5;rent;no;12221;no;0.293798052;0.890620195;-5155;0
rory69;18147;14579;no;40880;4;own;yes;43506;no;0.803339211;2.252589817;2626;0
rory66;7632;4714;no;38055;0;rent;no;15968;no;0.617581554;4.98558889;-22087;0
jana509;9288;1529;no;10578;3;rent;no;77606;yes;0.164603294;1.138766283;67028;0
rory321;6596;12815;no;18624;5;own;yes;22937;no;1.942549644;2.82310141;4313;0
user86;14475;3958;yes;39194;9;own;no;57435;no;0.273418071;2.707515888;18241;1
fatima096;9168;8904;no;44367;9;own;no;44508;no;0.971098266;4.838804668;141;0
fatima67;12795;12106;yes;389;3;rent;no;36831;no;0.946076899;0.030400125;36442;0
nada96;10561;14081;no;33767;8;rent;no;37933;yes;1.333175535;3.197027078;4166;1
nada8542;11258;4591;no;45580;4;own;no;42307;yes;0.407762679;4.048316902;-3273;0
fatima872;19616;11339;yes;48367;7;rent;yes;43340;no;0.578019065;2.465565581;-5027;1
huda08;9371;7895;yes;1855;8;rent;no;97951;no;0.842402902;0.197930004;96096;0
nada43;17369;13765;yes;40893;9;own;yes;81338;yes;0.792458261;2.354231434;40445;1
ahmad54;15910;14910;no;13794;4;rent;yes;38601;no;0.937087549;0.866947395;24807;0
ali193;10943;12561;no;35531;5;own;yes;70956;no;1.147752193;3.246619152;35425;0
fatima0218;15199;10131;no;4986;0;own;no;67178;no;0.666513158;0.328026316;62192;0
reem507;18728;1525;yes;32298;6;own;no;80311;yes;0.081424529;1.72449143;48013;1
ali952;9738;7477;yes;1481;3;own;yes;23754;no;0.767737961;0.152069001;22273;0
sara6667;18913;1001;no;3731;1;own;yes;38310;no;0.05292376;0.197261288;34579;0
abd621;5472;1374;yes;16835;4;own;no;64893;no;0.251050612;3.076009501;48058;1
sara3818;18679;11532;no;27798;2;rent;yes;81799;no;0.617344754;1.488115632;54001;0
jana11;4761;13197;no;26113;5;rent;yes;43367;no;2.771314574;5.483620328;17254;0
omar31;13167;12244;no;19477;7;rent;yes;8201;no;0.929829891;1.479116039;-11276;0
huda251;13554;5648;no;17266;6;own;no;2261;yes;0.416672814;1.273773515;-19527;0
user48;17277;3365;no;20792;2;own;no;8231;no;0.194756338;1.203380021;-12561;0
huda41;6812;2525;yes;20452;7;own;no;37495;no;0.370615001;3.001908117;17043;0
jana6147;4605;13668;yes;43526;1;rent;no;16168;yes;2.967433782;9.449848024;-27358;1
jana0078;8622;2646;yes;49079;9;rent;no;27624;no;0.306853763;5.691638641;-21455;1
rory853;9767;1013;no;41334;8;own;no;5635;no;0.103705979;4.231572482;-35699;0
abd984;14613;5599;yes;11889;3;own;no;4964;no;0.38312577;0.813534966;-6925;0
user67;13589;3278;no;24335;0;rent;no;22785;yes;0.24120677;1.790654893;-1550;0
moh6938;16918;4155;no;11254;7;own;no;90046;no;0.24558189;0.665169336;78792;0
reem7138;16046;9321;no;21074;6;own;yes;77797;yes;0.580856235;1.313267277;56723;0
huda3356;5590;4814;no;11442;4;rent;no;79790;yes;0.86102665;2.046503309;68348;0
fatima9007;7324;14125;yes;46289;9;rent;no;71928;no;1.928327645;6.319317406;25639;1
jana47;13787;4216;no;37327;4;own;no;7336;no;0.305773136;2.707209167;-29991;0
fatima63;12111;12130;no;16199;6;own;no;72475;no;1.001486129;1.33743395;56276;0
omar2238;8342;13120;yes;7291;4;rent;no;22412;yes;1.572575812;0.873906269;15121;0
ali307;19389;11232;yes;40928;7;own;yes;77212;no;0.579267664;2.110778752;36284;1
fatima490;11659;9219;no;112;5;own;no;70379;yes;0.790651801;0.009605489;70267;0
jana966;17043;3113;no;21515;4;own;no;40591;no;0.182644919;1.262321051;19076;0
sara38;11837;10444;no;19581;8;own;no;56750;no;0.882243622;1.654080081;37169;0
reem104;3117;5356;no;48692;1;own;no;85648;no;1.7177678;15.61642078;36956;1
moh1870;16917;11238;no;26500;0;rent;no;91134;yes;0.664262915;1.566379005;64634;0
rory521;17309;14760;no;32026;7;own;no;30454;yes;0.852686308;1.850144425;-1572;0
ahmad6650;16234;6543;no;16523;2;own;no;93537;no;0.403018171;1.017739452;77014;0
ahmad44;8560;5555;no;1424;6;rent;yes;57672;yes;0.648872795;0.166335708;56248;0
nada623;3846;13215;no;19552;9;rent;no;22228;no;3.435144268;5.082401872;2676;1
abd3595;13954;13588;no;10808;7;rent;no;9429;no;0.973701182;0.77448943;-1379;0
user784;16703;8062;no;38811;5;rent;no;79294;yes;0.482638889;2.32345546;40483;0
omar2699;18385;4374;no;6989;9;own;no;62808;no;0.237898401;0.380126183;55819;0
moh55;16746;7430;no;23620;8;rent;no;77886;no;0.443661551;1.410401863;54266;0
omar85;9469;4466;no;39029;6;own;no;48015;yes;0.471594509;4.121330517;8986;0
ahmad2608;12333;4081;no;887;9;rent;no;83074;yes;0.330874007;0.071915032;82187;0
ahmad5149;19608;12970;no;31802;4;own;no;63936;yes;0.661430976;1.621806313;32134;0
nada49;15819;1629;no;19488;7;rent;no;75907;no;0.102970923;1.231858407;56419;0
moh257;7208;1269;yes;30013;1;rent;no;52378;no;0.176029963;4.163268137;22365;1
fatima831;9283;11831;no;49201;6;own;yes;32310;yes;1.274342956;5.299547609;-16891;1
user76;5048;11185;yes;16402;3;rent;no;96827;yes;2.215290156;3.248564072;80425;1
noor0763;9233;6724;no;21205;8;rent;no;78683;no;0.728178471;2.296404592;57478;0
nada3468;15941;6897;no;26049;0;rent;no;63827;no;0.432630787;1.633985698;37778;0
rory780;15607;12083;no;12253;6;own;yes;30256;no;0.77415428;0.78504613;18003;0
noor53;12765;14149;no;18990;5;rent;no;71428;yes;1.108334639;1.487545042;52438;0
rory9557;4828;4432;no;7846;7;own;no;94862;yes;0.917788362;1.624767033;87016;0
noor624;4917;10472;no;25027;4;own;no;97994;no;2.129320862;5.088857259;72967;0
sara465;9988;7276;no;39200;0;own;no;33889;no;0.728401241;3.924316748;-5311;0
ahmad4412;17594;6895;no;46220;0;own;no;46428;yes;0.391872691;2.626882637;208;0
abd676;15977;14994;yes;46163;8;rent;no;32207;no;0.938415321;2.889160095;-13956;1
jana3400;3009;8115;yes;3765;9;own;yes;45255;no;2.696013289;1.250830565;41490;1
sara443;19644;7656;no;15950;5;rent;no;86531;no;0.389717485;0.811911428;70581;0
reem08;12865;11552;no;45270;9;own;no;409;yes;0.897870356;3.518576092;-44861;0
reem704;5219;1575;yes;9741;4;own;yes;37438;no;0.301724138;1.866091954;27697;1
jana25;10041;8029;yes;22742;0;own;no;90359;no;0.799541924;2.264688309;67617;0
noor7909;8287;7099;yes;24703;5;own;no;2869;no;0.856539575;2.980574324;-21834;0
sara09;4619;10499;no;38709;5;own;no;96260;yes;2.272510823;8.378571429;57551;1
moh13;11512;4192;no;37623;2;own;no;51862;yes;0.364110136;3.267871102;14239;0
jana816;4342;4178;no;22931;7;rent;no;82937;yes;0.962007829;5.27999079;60006;0
huda48;13568;7052;yes;23580;0;own;yes;20958;no;0.519714054;1.737784656;-2622;0
user7206;17231;3734;no;15166;0;own;yes;71302;yes;0.216689879;0.880106778;56136;0
huda443;6490;7116;yes;29240;5;own;no;14768;no;1.096287167;4.504698814;-14472;0
sara4042;12310;11404;yes;25991;9;rent;no;91330;yes;0.92632605;2.111201365;65339;0
fatima3789;10984;11544;no;38556;0;rent;no;21145;no;1.050887574;3.509877105;-17411;0
omar95;15219;4568;yes;32969;5;own;no;70622;no;0.300131406;2.166162943;37653;1
moh536;3235;10847;yes;10561;0;own;no;21442;yes;3.35197775;3.263597033;10881;1
moh46;13161;10771;yes;16901;5;own;no;76948;yes;0.818340678;1.284075368;60047;0
omar70;4908;3203;yes;40505;2;rent;no;20596;yes;0.652475046;8.251171318;-19909;1
nada114;11567;2390;yes;30020;7;own;no;70791;no;0.206604426;2.595089903;40771;1
fatima2212;6530;2742;no;25917;5;own;no;37406;no;0.419843822;3.968305007;11489;0
noor1063;8256;2925;no;1988;0;own;no;35524;yes;0.354244883;0.240765411;33536;0
jana90;11162;1619;no;48209;4;own;no;18332;no;0.145032697;4.318641942;-29877;0
ahmad5981;8415;2274;no;44505;7;own;yes;10764;yes;0.27019962;5.288141635;-33741;0
reem03;6391;1956;yes;14256;2;rent;no;22563;yes;0.306007509;2.23028786;8307;0
omar082;14157;2939;no;22192;5;own;no;82675;yes;0.207585817;1.56745303;60483;0
moh33;8951;4953;no;28230;4;rent;yes;31370;no;0.553284182;3.153485255;3140;0
sara35;11007;11573;yes;39930;5;own;no;62;yes;1.051326308;3.627361919;-39868;1
moh5638;12064;1968;no;45833;9;own;yes;39645;yes;0.163116453;3.798839619;-6188;0
ahmad902;18524;10508;yes;22625;0;rent;no;2244;yes;0.567233468;1.221322537;-20381;0
ahmad712;3077;10235;no;32088;6;own;no;1372;yes;3.325211176;10.42495127;-30716;1
omar43;10577;1281;no;14114;8;rent;no;80501;no;0.121100397;1.334278692;66387;0
nada4077;19984;12036;no;41167;1;rent;yes;59471;yes;0.602251689;2.059894921;18304;0
nada74;17060;7262;no;38401;9;own;no;11956;yes;0.425649141;2.250805932;-26445;0
ahmad93;13535;2058;no;5755;4;rent;no;35473;no;0.152039007;0.42516253;29718;0
moh360;12510;5293;no;10825;9;own;no;8894;yes;0.4230677;0.86523859;-1931;0
fatima842;9943;11724;yes;22693;3;rent;no;93918;no;1.179002414;2.282079646;71225;0
nada5989;14954;13020;yes;4117;5;own;yes;64586;no;0.870611836;0.275292544;60469;0
abd45;10804;6178;no;24729;5;rent;no;11709;yes;0.571772328;2.288662656;-13020;0
sara5332;9565;7980;no;32182;1;own;no;76258;no;0.834204474;3.364206565;44076;0
abd758;8984;14472;no;28890;1;rent;no;10210;yes;1.610684474;3.215358932;-18680;0
abd878;7670;10200;no;29340;3;rent;yes;44510;no;1.329683223;3.824794681;15170;0
nada6852;12184;2229;no;1518;0;rent;yes;97081;no;0.182929832;0.124579401;95563;0
moh9132;5192;10227;no;30949;8;rent;yes;33674;yes;1.96938186;5.959753514;2725;1
nada02;4248;5585;no;22547;6;rent;no;95025;no;1.314426924;5.306425041;72478;1
nada50;14246;9467;no;16346;6;rent;no;12733;no;0.66449077;1.147329262;-3613;0
user1931;15790;3740;no;2600;2;own;no;15080;no;0.236843772;0.16465075;12480;0
noor242;6687;3289;no;46005;2;own;no;97200;no;0.491776316;6.878738038;51195;0
jana397;7018;2239;yes;29267;0;own;no;48412;no;0.318991309;4.169682291;19145;0
rory45;14302;6370;no;36322;2;own;no;53971;yes;0.445361113;2.539467245;17649;0
rory792;4970;1125;yes;26990;2;own;no;34709;yes;0.226312613;5.429491048;7719;1
noor200;11389;13257;yes;16193;3;rent;yes;54846;no;1.163915716;1.421685689;38653;0
user66;18374;13504;yes;30109;3;own;no;60480;yes;0.734911565;1.638585034;30371;1
sara7954;8788;8473;no;19233;2;rent;no;47960;no;0.964045967;2.188303561;28727;0
user4527;8408;13060;no;48021;9;own;yes;98550;yes;1.553097871;5.710667142;50529;1
ali939;12446;10400;yes;16194;7;own;no;36152;yes;0.835542701;1.301036394;19958;0
moh6114;3922;6342;no;34510;7;rent;no;22250;yes;1.616619934;8.796839154;-12260;1
fatima5206;3419;8351;no;1306;0;rent;no;80765;no;2.441812865;0.381871345;79459;0
reem88;13789;7638;no;3849;6;rent;no;43137;no;0.553879623;0.279115301;39288;0
omar1869;4120;7570;yes;12360;1;rent;no;77011;no;1.836932783;2.999272021;64651;1
omar3003;14260;4249;no;45536;0;own;no;41412;yes;0.297945446;3.193043966;-4124;0
abd07;5336;10110;no;29231;2;rent;no;38876;no;1.894322653;5.47704703;9645;0
moh714;8373;8595;yes;45800;3;own;no;89547;yes;1.026391211;5.469309768;43747;1
reem9107;5243;14605;yes;36963;5;own;no;68664;no;2.785087719;7.048627002;31701;1
ali8065;7612;13115;no;18689;9;own;no;45227;no;1.722711152;2.454879811;26538;0
omar0281;16946;7294;no;29084;4;own;no;27450;yes;0.430400661;1.716173954;-1634;0
omar161;14104;7527;no;40387;3;own;no;79433;no;0.533640553;2.863310883;39046;0
sara31;16429;6757;no;9280;7;rent;no;68704;no;0.41125989;0.56482045;59424;0
nada697;9371;13595;no;2642;3;rent;yes;1861;yes;1.450597525;0.281903542;-781;0
moh5447;9359;14647;no;42137;9;own;yes;56914;no;1.564850427;4.501816239;14777;1
jana20;10863;2969;yes;14296;1;own;yes;58888;no;0.273287923;1.315905744;44592;0
ali1167;6228;11985;no;15438;2;own;no;74286;yes;1.924064858;2.478407449;58848;0
huda386;17382;1891;no;48442;5;own;no;56293;yes;0.108784445;2.786745671;7851;0
sara742;5891;5470;no;37525;7;rent;no;77524;no;0.928377461;6.36880516;39999;1
jana39;6756;8175;no;2994;7;own;no;63515;no;1.209856445;0.443096049;60521;0
moh817;18770;11225;no;47994;8;rent;no;18524;no;0.59799691;2.556816366;-29470;0
sara9141;19478;10556;yes;34039;6;own;no;2065;no;0.541916936;1.747471636;-31974;1
nada385;5674;9320;no;1813;1;rent;yes;32684;no;1.642290749;0.319471366;30871;0
fatima5659;9898;10206;yes;27491;7;own;no;83720;no;1.031013234;2.777149207;56229;1
jana835;13147;10991;no;18845;6;rent;no;28365;no;0.83594463;1.43329784;9520;0
omar62;3793;7812;yes;41243;7;own;no;53876;no;2.05904059;10.87058513;12633;1
abd03;5116;8519;yes;37164;2;rent;no;18704;yes;1.664842681;7.262849326;-18460;1
omar3669;8779;14669;no;42051;6;own;no;52857;yes;1.670728929;4.789407745;10806;1
huda49;15298;5612;yes;13318;9;own;yes;622;yes;0.366821361;0.870514413;-12696;0
fatima47;17153;10710;no;17200;8;rent;yes;78797;no;0.624344176;1.00268159;61597;0
user8249;14111;13373;no;82;2;rent;yes;88955;no;0.94763322;0.005810658;88873;0
ali777;13789;2198;yes;1920;9;rent;no;95003;yes;0.159390863;0.139231327;93083;0
noor769;14397;13065;yes;40585;5;rent;no;86141;yes;0.907417697;2.818794277;45556;1
abd912;15999;6238;no;11683;1;rent;no;89707;no;0.389875;0.7301875;78024;0
jana952;3814;11666;no;11336;1;own;yes;82700;yes;3.057929227;2.971428571;71364;0
huda11;19729;7089;no;15596;4;own;no;74332;no;0.359300558;0.790471363;58736;0
noor0666;13541;12677;no;2093;4;own;no;97390;no;0.936124649;0.154556196;95297;0
rory7559;5443;7257;no;12905;6;rent;no;91856;no;1.333027186;2.370499633;78951;1
jana801;13457;13241;no;24351;1;own;no;61201;yes;0.983875762;1.809407044;36850;0
moh7496;13380;8705;no;30981;6;own;no;27694;yes;0.650549286;2.31529781;-3287;0
moh3568;10783;4719;no;8367;4;rent;no;84766;no;0.43759273;0.775871662;76399;0
sara539;14473;1302;yes;5285;5;rent;no;17995;no;0.089954401;0.365137488;12710;0
ali9337;18328;13144;no;43664;7;own;no;87320;no;0.717114954;2.382235801;43656;0
ahmad186;3827;13875;no;37705;9;own;no;75141;yes;3.62460815;9.849791014;37436;1
jana166;10147;1986;no;16753;3;own;no;77999;no;0.195703587;1.650867166;61246;0
sara662;7451;11055;no;18485;6;own;no;3419;no;1.483494364;2.480542136;-15066;0
sara18;18343;5440;no;12977;5;own;no;42952;no;0.296554732;0.707424771;29975;0
noor78;16635;5909;no;19874;9;rent;no;28837;no;0.355193556;1.194638134;8963;0
nada073;8959;4072;no;7674;1;rent;no;65799;yes;0.454464286;0.856473214;58125;0
ali81;3126;14598;no;29038;7;rent;no;43877;yes;4.668372242;9.286216821;14839;1
nada661;11795;14965;no;29315;9;own;no;40687;no;1.26865039;2.485164463;11372;0
jana87;14641;4124;no;3676;8;rent;no;94667;no;0.281655512;0.251058599;90991;0
jana0485;10196;10519;no;2426;4;own;no;32276;yes;1.031577915;0.237913112;29850;0
sara61;14559;14380;no;24473;9;own;no;29523;yes;0.987637363;1.680837912;5050;0
omar5061;6368;11600;no;2962;3;rent;no;61055;no;1.821322029;0.465065159;58093;0
reem90;6797;12865;no;29943;5;own;no;49615;yes;1.892468373;4.404677846;19672;0
rory08;18114;9125;no;859;7;own;no;91642;yes;0.503726194;0.047419266;90783;0
huda718;16718;4291;yes;44816;2;rent;no;5514;no;0.256654106;2.680543095;-39302;1
ahmad4027;4792;5033;no;4138;9;own;no;42456;no;1.050073023;0.863342374;38318;1
huda778;14053;6105;yes;35192;0;rent;no;2233;no;0.434395902;2.504055785;-32959;1
noor800;6476;1703;no;25640;3;own;no;3898;yes;0.262930369;3.958622819;-29538;0
moh2940;6417;9133;no;10409;3;rent;no;61133;no;1.423028981;1.621844811;50724;0
reem8021;4645;1574;yes;4017;0;own;no;41715;no;0.338786053;0.864614722;37698;1
nada83;17755;6704;yes;10451;8;own;no;80193;no;0.377562514;0.588589772;69742;0
fatima332;6072;12424;no;28327;2;rent;no;99085;no;2.045776387;4.664416269;70758;0
rory723;4854;8848;no;10278;4;own;yes;1256;yes;1.822451081;2.116992791;-9022;0
ahmad79;7662;6208;no;24944;5;own;no;59800;yes;0.810126582;3.255122015;34856;0
ahmad9602;9514;13975;yes;43764;7;own;no;89937;yes;1.468733579;4.599474514;46173;1
ali7583;5708;7924;no;1134;5;own;no;36548;yes;1.387983885;0.198633736;35414;0
huda3537;14694;11824;no;30131;2;own;no;67090;no;0.804627424;2.050425315;36959;0
fatima4251;12524;4828;no;37887;5;own;no;73200;no;0.385469062;3.02491018;35313;0
user0067;9456;4230;no;38462;0;rent;no;37367;no;0.447287723;4.067040288;-1095;0
nada072;7212;1488;no;22520;3;own;no;84922;no;0.206294191;3.12214058;62402;0
rory870;16224;8114;yes;21869;5;own;no;65382;yes;0.50009245;1.347858243;43513;0
omar03;10970;10539;no;36932;6;own;yes;21205;no;0.960623462;3.366329414;-15727;0
omar7657;19920;12873;no;5039;9;own;no;20570;yes;0.6462025;0.252949149;15531;0
abd253;4625;4173;no;21281;2;rent;yes;25255;yes;0.902075227;4.600302637;3974;0
ahmad2581;13314;13781;yes;47399;8;own;no;16182;yes;1.034998122;3.559819752;-31217;1
user5902;10973;2667;no;10442;6;rent;no;34373;no;0.243028978;0.951521779;23931;0
abd11;11577;10829;yes;8252;0;own;no;38019;no;0.935308343;0.712731042;29767;0
omar050;11070;5114;no;27586;1;rent;no;57619;yes;0.461927558;2.491735164;30033;0
ali5796;11666;4553;no;17568;0;rent;yes;11043;yes;0.390245993;1.505785549;-6525;0
ahmad8548;6600;8761;no;20810;8;rent;no;40532;no;1.327223148;3.152552644;19722;0
fatima6753;9783;2000;yes;1551;8;rent;no;96290;yes;0.204415372;0.158524121;94739;0
rory488;16226;10042;yes;12625;6;rent;no;60936;no;0.618845135;0.778024281;48311;0
ahmad9364;12146;2388;no;34397;9;own;no;14239;no;0.196591751;2.831727999;-20158;0
ali5793;7971;6450;yes;26249;2;own;no;5416;no;0.809081786;3.292649272;-20833;0
huda9066;16490;4712;yes;1361;4;rent;yes;1588;no;0.285731611;0.082529865;-2949;1
ali8950;15951;2367;no;26149;3;own;no;76976;no;0.148382648;1.639230191;50827;0
rory208;15312;9189;no;4370;6;own;no;19406;no;0.600078365;0.285378437;15036;0
abd77;4990;10013;yes;5283;8;rent;no;3125;no;2.00621118;1.05850531;-8408;1
moh11;8299;1454;no;7610;1;own;no;32066;no;0.175180723;0.91686747;24456;0
user80;15997;10816;yes;43326;7;rent;yes;97072;yes;0.676084511;2.708213527;53746;1
sara58;16472;3772;no;14924;8;rent;no;752;no;0.228980756;0.90596734;-14172;0
rory48;7380;4726;no;47607;9;rent;yes;81753;no;0.640292643;6.449939033;34146;0
omar150;7757;8232;no;44717;9;rent;no;73025;no;1.061098221;5.763985563;28308;1
jana16;13395;12339;no;10626;8;own;no;3647;no;0.92109585;0.793221857;-14273;0
omar2425;19241;13281;no;34761;9;own;no;21986;no;0.690208918;1.806516994;-12775;0
moh72;8588;5806;no;869;6;own;no;81907;yes;0.675980906;0.101175923;81038;0
fatima1903;7944;3190;yes;31552;8;own;no;99901;no;0.401510384;3.971302706;68349;1
huda4638;16395;10108;no;1014;8;rent;no;9691;no;0.616491827;0.061844352;8677;0
ahmad3996;7243;13178;no;10103;2;rent;no;64847;no;1.819160685;1.394671452;54744;0
user894;12916;3875;no;16986;3;own;yes;43075;no;0.299992258;1.315011226;26089;0
moh09;12984;6592;no;44781;1;own;no;5794;yes;0.507662688;3.448671544;-38987;0
moh6945;4759;2440;no;30471;9;rent;no;63470;no;0.512605042;6.401470588;32999;1
reem0109;12181;13592;yes;33458;2;own;no;11406;yes;1.115744541;2.746511246;-22052;1
sara29;5482;9927;no;25069;4;own;no;70930;yes;1.810505198;4.572132045;45861;0
noor07;3951;12760;no;16873;4;own;no;21872;no;3.228744939;4.269483806;4999;0
reem722;5079;7059;no;23248;5;rent;no;36708;yes;1.389566929;4.576377953;13460;0
jana733;5717;12530;no;23624;6;rent;no;15800;no;2.191325638;4.131514516;-7824;1
reem1401;12692;8010;no;43516;6;rent;no;38397;yes;0.631056488;3.428346333;-5119;0
jana38;10311;12207;no;29061;0;rent;no;32909;yes;1.183766486;2.818173002;3848;0
moh7586;3768;8117;yes;24170;1;own;no;16352;no;2.15362165;6.412841603;-7818;1
noor977;8490;12081;yes;8024;8;own;no;96975;no;1.422800612;0.945000589;88951;1
huda4439;18534;10153;yes;16678;9;rent;yes;88848;no;0.547774481;0.899811168;72170;0
omar525;9645;3989;no;38256;1;own;no;10438;no;0.413539291;3.965996268;-27818;0
nada29;8232;13040;yes;20411;5;rent;no;83921;no;1.583869792;2.479169197;63510;0
jana6203;14485;10218;no;43803;0;rent;no;39999;yes;0.705370703;3.023816098;-3804;0
moh25;8797;7228;no;19296;2;rent;no;13482;yes;0.821550352;2.193225733;-5814;0
noor92;15342;13057;no;26293;1;rent;yes;27471;yes;0.851006974;1.713680506;1178;0
reem372;11038;7471;no;27172;2;rent;no;42279;no;0.676782317;2.461454842;15107;0
huda6741;19002;3863;yes;21128;4;rent;no;49213;no;0.203283692;1.111824449;28085;0
ahmad3736;16087;14761;no;18257;9;own;yes;8026;no;0.917516161;1.134820985;-10231;0
omar7792;7873;11693;no;12855;5;own;yes;80184;no;1.48501397;1.632588265;67329;0
reem97;4481;11139;no;19642;8;own;no;435;no;2.485274431;4.382418563;-19207;1
user498;13093;2177;no;35585;9;rent;no;3493;yes;0.166259355;2.717656942;-32092;0
omar5822;17422;5760;no;20025;3;own;yes;67227;yes;0.330597486;1.149342823;47202;0
sara4213;19438;1011;no;4458;6;rent;no;54321;no;0.052008848;0.229332785;49863;0
jana79;10643;6252;no;5307;5;own;no;2237;no;0.587373168;0.498590755;-7544;0
nada21;18708;5399;no;41701;1;rent;no;15389;no;0.28857769;2.228927254;-26312;0
ali85;14271;12556;no;18425;9;own;no;26498;yes;0.879764574;1.29098935;8073;0
abd31;15600;12214;yes;49831;7;rent;no;58755;no;0.782898532;3.194090122;8924;1
user820;13998;12563;no;43427;6;rent;no;96545;yes;0.897421244;3.102150154;53118;0
ahmad15;17295;12022;yes;28273;6;own;no;30825;yes;0.695074006;1.634655412;2552;0
rory1835;13682;9234;no;38506;7;own;no;11934;no;0.674852006;2.814148944;-26572;0
rory6233;19380;10135;no;5668;0;rent;no;574;yes;0.522934833;0.29245137;-5094;0
moh43;11519;11582;yes;25934;0;own;no;33179;no;1.005381944;2.251215278;7245;0
moh8083;6300;6445;no;47195;7;own;no;3413;yes;1.022853515;7.49008094;-50608;1
ali860;9722;11737;no;7697;3;rent;no;37782;no;1.207137715;0.791628098;30085;0
omar850;10218;11603;no;24417;4;rent;yes;99224;no;1.135433995;2.389372737;74807;0
fatima8954;6054;14178;no;16446;7;rent;no;49412;yes;2.341535921;2.716102395;32966;0
jana42;16575;7570;no;40597;4;own;no;55561;no;0.456684363;2.44914334;14964;0
reem7016;10970;10196;yes;10751;9;own;no;72224;yes;0.92935922;0.979947133;61473;0
ahmad4467;5143;9212;no;46218;3;rent;no;591;no;1.790824261;8.984836703;-46809;1
huda12;12503;1406;yes;7352;5;rent;no;66319;yes;0.112444018;0.587971849;58967;0
jana13;18149;10206;no;13516;4;rent;no;94016;yes;0.56231405;0.744683196;80500;0
noor109;15175;5431;yes;23299;6;own;no;21751;yes;0.357867686;1.535253031;-1548;0
nada63;11356;11030;no;31957;9;own;no;33174;yes;0.971207185;2.813859294;1217;0
fatima1777;18070;12380;no;28927;6;own;yes;51572;no;0.685075535;1.60074152;22645;0
moh0902;3822;6243;yes;41094;3;own;yes;56416;yes;1.633010725;10.74914988;15322;1
noor87;17289;7542;no;36412;4;own;no;7041;yes;0.436205899;2.105957201;-29371;0
sara52;9150;7936;no;29493;2;own;no;18227;no;0.867227625;3.222926456;-11266;0
noor075;7425;9906;no;26711;3;rent;no;30201;yes;1.333961756;3.596956639;3490;0
abd06;19032;5146;no;8003;3;own;yes;31069;no;0.270372511;0.420480219;23066;0
nada6382;5198;13046;no;31707;2;rent;no;77190;no;2.509328717;6.098672822;45483;1
sara574;6452;13611;no;3278;9;rent;yes;21370;no;2.109251511;0.507980784;18092;0
sara6452;12106;14076;yes;7296;4;rent;yes;90018;no;1.162633187;0.60262658;82722;0
rory069;16859;1140;yes;25398;4;own;yes;6586;no;0.067615658;1.506405694;-18812;0
jana89;11705;13757;no;35842;6;rent;no;45231;yes;1.175209294;3.061848625;9389;1
user49;13112;5882;no;13261;3;rent;no;322;no;0.448562495;1.01128651;-12939;0
ahmad4493;7841;14645;no;11173;3;rent;no;60294;no;1.867508289;1.424764091;49121;0
ali085;18358;7012;no;30449;8;rent;no;74468;no;0.381938014;1.6585326;44019;0
nada7078;4409;1963;no;41080;5;rent;yes;24299;no;0.445124717;9.315192744;-16781;1
rory0224;7566;8151;no;1637;3;rent;no;85715;no;1.077177217;0.216334082;84078;0
rory4049;14382;9564;no;31781;1;own;no;65793;no;0.664951679;2.209622471;34012;0
fatima7124;17596;12827;no;13652;5;rent;no;41501;no;0.728931068;0.775814059;27849;0
nada826;3804;11733;no;5103;1;own;yes;52134;no;3.083574244;1.341130092;47031;0
sara432;16221;4610;no;25500;4;rent;no;4777;no;0.284181975;1.571939342;-20723;0
ali4002;4279;10884;no;49796;5;own;no;6249;yes;2.542990654;11.63457944;-43547;1
ali5688;16192;7894;no;34800;3;own;no;16390;no;0.487494596;2.149076762;-18410;0
reem46;10083;14467;yes;35529;2;rent;no;15369;no;1.434648949;3.523304244;-20160;1
omar5037;14093;14959;yes;47963;6;rent;yes;7881;yes;1.061373634;3.403079325;-40082;1
reem1389;15880;8311;no;18452;1;own;no;4587;yes;0.523329765;1.161891569;-13865;0
nada9975;18517;1105;no;49393;5;own;yes;88800;no;0.059671671;2.667296684;39407;0
ahmad43;5106;6539;no;31174;3;rent;no;69327;yes;1.280399452;6.104170746;38153;1
jana330;19086;10873;no;35436;5;own;no;82911;yes;0.569654739;1.85655158;47475;0
user17;7831;13289;yes;47406;3;rent;yes;83147;no;1.696756895;6.052860061;35741;1
ahmad5728;6186;13208;no;15954;3;own;no;2833;yes;2.134798772;2.578632617;-13121;0
rory52;5573;11828;no;17186;3;rent;no;42013;no;2.121994977;3.083243631;24827;0
fatima4069;15808;7787;no;12356;8;rent;yes;58620;yes;0.492567525;0.781580113;46264;0
ahmad361;5599;3137;no;32963;6;own;no;10754;yes;0.560178571;5.88625;-22209;1
omar226;7033;12608;no;2187;2;own;no;73113;no;1.792436736;0.310918396;70926;0
jana106;11428;5445;yes;11707;2;own;no;91631;no;0.476419634;1.024324088;79924;0
noor011;4304;4530;no;35098;5;rent;no;81784;yes;1.052264808;8.152845528;46686;1
omar2594;11633;2286;no;26935;5;rent;no;30282;yes;0.196493038;2.315196837;3347;0
noor91;14372;12371;no;21225;3;rent;no;31737;no;0.860711055;1.476727197;10512;0
user476;11996;14350;no;3606;8;own;no;92427;yes;1.196132366;0.300575144;88821;0
abd2766;19458;8052;yes;32828;3;own;no;19124;yes;0.413793103;1.687034277;-13704;1
jana372;8475;4654;yes;26489;8;own;yes;65102;yes;0.549079755;3.12517697;38613;0
user281;10184;8102;no;14387;3;own;no;2804;no;0.795483554;1.412567501;-17191;0
fatima9432;15875;3359;no;3927;1;rent;no;56527;no;0.211577223;0.247354497;52600;0
ahmad60;4622;9105;yes;6296;1;rent;yes;91651;no;1.969500324;1.361886221;85355;1
ali1303;18988;9636;yes;30444;4;rent;no;80395;no;0.507451683;1.603243983;49951;1
ahmad393;11041;7441;no;46390;3;own;no;6345;no;0.673881543;4.201231661;-40045;0
ali4643;19725;6047;yes;46893;6;rent;no;29077;no;0.306549731;2.377217885;-17816;1
fatima7093;10992;9227;no;2591;4;rent;yes;61400;no;0.839352315;0.235695443;58809;0
sara3390;18646;6203;no;44895;5;rent;yes;7055;yes;0.332654046;2.407625892;-37840;0
sara23;7263;10667;no;48516;9;rent;no;98693;no;1.46847467;6.678964758;50177;1
noor8849;17060;13149;yes;26147;3;own;no;80283;no;0.770705117;1.532559639;54136;0
ahmad72;18156;2798;yes;38889;1;own;yes;39484;no;0.154100347;2.141818582;595;1
nada7002;11646;11037;no;1200;9;rent;no;72514;yes;0.947625998;0.103030823;71314;0
nada394;14664;10600;no;15721;8;own;yes;85135;yes;0.72280941;1.072008183;69414;0
jana447;5969;6291;no;19238;9;own;no;30771;no;1.053768844;3.222445561;11533;1
ali19;6028;6495;yes;11087;6;rent;no;52654;no;1.077293083;1.838945099;41567;1
rory35;6629;10900;no;30816;3;rent;no;41540;no;1.644042232;4.647963801;10724;0
reem349;6067;14673;no;23408;2;rent;no;78151;yes;2.418094924;3.857613711;54743;0
moh9187;8941;12130;no;39740;9;own;no;99885;no;1.356519794;4.444195929;60145;1
sara62;14555;7284;no;136;2;own;no;24377;no;0.500412201;0.009343226;24241;0
jana26;16081;8285;no;17413;8;rent;no;90567;no;0.515172242;1.082763338;73154;0
abd49;9819;2300;no;48114;4;rent;no;44573;no;0.234215886;4.899592668;-3541;0
ahmad99;14046;7869;yes;18978;2;rent;yes;37733;no;0.560190788;1.351035808;18755;0
fatima40;5711;10435;no;661;4;rent;no;6760;no;1.826855742;0.115721289;6099;0
rory8670;7853;13168;yes;35240;1;rent;no;94250;no;1.676597912;4.486885663;59010;1
ali913;10715;4097;no;27253;3;rent;yes;20762;no;0.382325495;2.54320642;-6491;0
reem630;11942;5616;no;26884;9;own;no;45986;yes;0.47023361;2.251025705;19102;0
ahmad450;18507;1009;yes;32854;1;rent;yes;29332;yes;0.054516966;1.775124271;-3522;1
rory43;18826;14271;no;10704;1;rent;no;35100;no;0.758007117;0.568545174;24396;0
nada32;4762;11617;yes;38987;7;rent;no;56;no;2.439009028;8.185387361;-39043;1
omar1376;18850;6752;no;24527;0;own;yes;43825;no;0.358177285;1.301098085;19298;0
moh17;15112;10852;no;16322;6;rent;no;8877;no;0.718057302;1.079997353;-7445;0
jana1936;15652;11823;yes;47517;4;own;no;24990;yes;0.755318469;3.035648119;-22527;1
ali567;9122;7295;no;6968;7;rent;no;94612;no;0.799627316;0.763783843;87644;0
ali045;3481;5815;no;27518;0;own;no;50283;no;1.670017231;7.902929351;22765;0
jana48;17536;2072;yes;46364;6;rent;no;1742;yes;0.118150197;2.643781719;-48106;1
abd04;3153;4225;yes;27886;4;own;no;26629;yes;1.339568802;8.841471148;-1257;1
sara245;10617;14146;no;1700;3;own;no;32579;no;1.332265963;0.160105481;30879;0
sara88;4524;2316;no;28246;6;own;no;17958;yes;0.511823204;6.242209945;-10288;0
omar8535;5120;6699;no;35468;9;rent;no;34465;no;1.308142941;6.925991017;-1003;1
sara579;18048;13337;yes;23199;1;own;no;80853;yes;0.738932905;1.285334368;57654;0
ali01;5343;7807;yes;44589;0;own;no;10775;no;1.460890719;8.34375;-33814;1
